Unnamed: 0,Total gross income tax department,Total Refunds Income Tax Division,Total Income Tax Division Net,MK self -employed and companies (advances and cavalry),Deductions and the capital market,Real Estate Taxation,Independently promote,Independent tax differences,Independent cancellation,Companies promote,Tax difference companies,CPIs,Property tax,Praise tax,Purchase tax,A salary deduction,Goods and services,Sales Tax,VAT financial institutions (wages),Excess expenses,Bonds and diphoband,Deductions,Refunds of friendship,Refunds are independent,Appreciation tax refunds,Purchase Refunds
1996-01-01,4774990,-680754,4094236,1576273,2775426,423290,23709,600103,-4331,26460,936207,-5875,159430,108675,156272,2183611,224948,196775,60689,70820,13941,-33284,-541940,-112555,-16848,-6000
1996-02-01,4874888,-436582,4438306,1716841,2717370,440678,326348,202116,-6226,723337,688298,-217032,121792,146495,172882,2040219,191896,258045,61703,41306,17812,-34953,-342359,-83118,-5091,-3606
1996-03-01,4747461,-337940,4409521,1487508,2903474,356479,437301,119197,-2159,730004,205284,-2119,62541,140702,153513,2265911,194206,236928,59295,44452,20135,-19980,-246389,-69766,-11221,-6684
1996-04-01,4344514,-328559,4015955,1335356,2703784,305373,295287,102835,-3505,757856,187120,-4237,79702,95487,133888,2075698,172525,231896,87516,42520,13139,-20970,-272817,-42851,-7480,-3768
1996-05-01,4685959,-297485,4388474,1437866,2924300,323794,432090,110420,-4939,700649,202258,-2612,61818,124786,139256,2259705,188355,259031,55916,47858,28679,-18950,-145617,-141592,-4311,-2868
1996-06-01,4219192,-309144,3910048,1362368,2543934,312892,323198,153808,-4353,761807,132306,-4398,58135,100641,155001,1908199,170777,262471,53518,42387,15510,-16134,-92471,-197849,-10043,-5532
1996-07-01,5275393,-471700,4803693,1664682,3308043,302668,474844,116932,-3942,758705,322943,-4800,76484,92346,135372,2591462,204018,308877,45899,47745,25125,-33700,-224900,-234310,-3902,-3644
1996-08-01,4620461,-509112,4111349,1346313,2987938,286209,354186,123234,-5878,744798,134586,-4613,62130,96239,130065,2279710,206173,298453,53064,49167,28107,-48232,-240129,-255882,-4986,-4643
1996-09-01,4990972,-372648,4618324,1563366,3198959,228648,501668,125946,-2821,796276,143980,-1683,55398,60223,113446,2490302,221720,282085,53802,53036,11375,-26444,-190784,-161668,-8643,-7721
1996-10-01,4383494,-438401,3945093,1435500,2735434,212560,325279,119995,-7402,821045,179332,-2749,64511,52455,96763,2076888,192588,272624,51547,50828,26147,-39537,-263434,-161244,-4429,-4215
1996-11-01,5032927,-519094,4513833,1723506,3072494,236927,513250,144010,-2877,920990,151525,-3392,69713,70964,97544,2374642,217304,272018,50385,55482,10748,-17232,-368163,-134578,-3593,-6813
1996-12-01,4418483,-668837,3749646,1278940,2833590,305954,314112,137124,-5140,624866,211001,-3023,89978,97409,119858,2148921,183138,284343,48610,51927,19501,-14188,-537046,-115060,-6468,-6333
1997-01-01,5592323,-466736,5125587,1798058,3493219,301048,6862,696447,-4434,32151,1070048,-3016,65528,108021,129289,2704813,270770,259979,54135,85327,45298,-38336,-323040,-120438,-9857,-6129
1997-02-01,5617720,-487758,5129962,2042971,3207104,367644,349120,198732,-4637,821461,682180,-3885,171169,79507,118219,2487361,217761,286534,73891,45220,12796,-34611,-409614,-61115,-10531,-4328
1997-03-01,5402146,-326139,5076007,1749877,3338114,314155,458682,139088,-7089,860815,301767,-3386,124013,73021,118011,2656197,217669,262962,71846,52280,26907,-60798,-248324,-60400,-8254,-6035
1997-04-01,4999986,-162804,4837182,1577755,3136700,285531,314017,116312,-3474,943379,208767,-1246,88596,80366,117589,2541617,183250,251470,90886,47935,14428,-100842,-97453,-46237,-5851,-5506
1997-05-01,5426738,-224920,5201818,1735152,3456152,235435,482134,132396,-7532,928637,222158,-22641,49923,78187,108888,2692398,209190,288717,84869,61080,30004,-22627,-108583,-91012,-9250,-13025
1997-06-01,4694167,-344090,4350077,1472678,3007109,214380,316368,117034,-4100,867789,198136,-22549,55104,60454,100841,2268594,245072,285755,81774,52228,9509,-43743,-163468,-163837,-6599,-5740
1997-07-01,6023570,-493702,5529868,1827238,3867118,329214,492505,130234,-5580,1006369,205879,-2169,97788,94744,139271,3043060,240862,312393,86013,57459,28119,-42938,-251970,-223096,-10721,-4792
1997-08-01,5364054,-437865,4926189,1609654,3436183,318218,362717,148484,-3617,893807,209593,-1330,84291,89083,146123,2658594,217429,328276,63089,51118,22459,-36460,-201829,-221158,-8838,-3712
1997-09-01,5835314,-445930,5389384,2015098,3558497,261719,524130,136173,-4048,908586,453057,-2800,54884,76842,131456,2841732,228557,330281,57858,57198,16373,-102264,-229151,-198736,-6641,-7250
1997-10-01,5007484,-220639,4786845,1563257,3250756,193472,331133,116417,-5922,897119,225884,-1374,52502,54841,88121,2562972,197359,293075,68691,56974,17541,-49600,-97355,-114189,-3839,-2095
1997-11-01,5388699,-536863,4851836,1626562,3552127,210012,518743,113228,-5942,786808,216684,-2959,43746,69497,98088,2783612,267969,297122,62056,63468,12047,-47377,-308592,-207418,-9918,-9976
1997-12-01,4818841,-569501,4249340,1325123,3199780,293938,330349,178495,-4600,533958,288518,-1597,98325,80080,117335,2495492,195606,268584,55715,58072,41899,-18259,-404840,-154274,-4354,-3439
1998-01-01,6033577,-164167,5869410,1741436,4105199,186943,5105,795353,-2421,33810,910329,-740,34619,56313,96872,3143923,277677,434385,56932,95981,18811,-13753,-115128,-48018,-83,-168
1998-02-01,4365423,-580074,3785349,1430296,2612299,322828,188571,355205,-6999,347239,557139,-10859,93066,90182,145186,1964078,239951,493099,18770,32825,36033,-259985,-405810,-151128,-12534,-8106
1998-03-01,7264539,-518539,6746000,2299010,4603479,362049,617693,168941,-4569,1255894,265760,-4709,141846,96269,126314,2993876,963230,403664,87690,56859,9429,-61267,-383377,-110612,-11124,-9762
1998-04-01,5661148,-214848,5446300,1770420,3585355,305373,334945,271513,-3113,893092,276255,-2272,104061,92562,109538,2530988,530234,375914,60257,45819,7946,-55926,-138531,-60136,-5808,-6413
1998-05-01,6059766,-435700,5624066,1958984,3818548,282235,496616,143763,-4500,883697,441799,-2391,81495,88438,114555,2769717,431258,411469,93897,59160,52656,-98567,-271458,-147172,-8228,-6347
1998-06-01,5095826,-395879,4699947,1610712,3259932,225182,339126,129333,-6877,948104,223874,-22848,68133,63358,100093,2259904,375633,391192,72972,47313,15114,0,-175429,-201195,-9483,-6124
1998-07-01,6672313,-523321,6148992,2239174,4110934,322205,520081,148774,-3396,901472,675127,-2884,93910,102383,127552,2952013,436351,471606,72304,55475,17255,-2326,-225145,-275385,-9708,-5906
1998-08-01,5003633,-226995,4776638,1792518,3009388,201727,354990,296086,-1890,870653,273559,-880,54079,47955,100293,2123338,357808,293010,74550,45157,55006,-575,-70080,-138972,-6277,-3936
1998-09-01,5716296,-47602,5668694,1957586,3628287,130425,510115,231528,-4105,965729,254534,-215,22473,57619,50341,2708394,372216,319074,81261,60658,15647,-777,-20150,-27234,-49,-134
1998-10-01,6181026,-253617,5927409,1520630,4398959,261436,347183,118040,-4682,798363,263660,-1934,68734,75964,120141,3081338,326165,677304,92750,56557,20152,-7925,-127971,-111938,-8254,-4844
1998-11-01,5800699,-921179,4879520,1757955,3637065,405679,528238,136909,-8953,832616,274603,-5458,149000,101090,159719,2747922,281785,376458,82307,60120,20517,-17648,-556808,-347601,-6269,-5306
1998-12-01,5622845,-744505,4878340,1563899,3726839,332107,340827,157047,-7430,636028,445902,-8475,92851,87415,153624,2720132,297128,402393,87651,65381,69935,-12510,-455295,-260047,-14035,-8231
1999-01-01,6329963,-416200,5913763,1687880,4317070,325013,5191,678773,-4323,19895,990794,-2450,111502,85167,129729,3104235,394695,507778,75620,94454,37571,-7482,-261335,-130263,-7098,-10028
1999-02-01,6102266,-539823,5562443,1822770,3912272,367223,349093,215736,-6014,838632,428570,-3247,119378,106763,143323,2961786,321617,386127,80920,51739,22038,-5352,-388969,-138169,-4657,-3338
1999-03-01,5813805,-667987,5145818,1827263,3705328,281214,481894,190531,-4545,872593,290672,-3882,64215,77145,140673,2797389,316199,364844,79694,54842,21126,-20181,-555089,-100432,-5937,-2301
1999-04-01,5769936,-280516,5489420,1721330,3817241,231364,353075,123346,-4963,939534,312560,-2222,79164,58360,96110,2886658,376433,330847,82891,55918,19311,-16574,-198045,-63503,-8938,-5983
1999-05-01,6712673,-310387,6402286,2033990,4419822,258861,532466,225771,-5981,953902,330442,-2610,57305,84995,118978,3484795,314568,295915,146625,58540,35025,-7317,-168122,-120381,-11809,-5313
1999-06-01,6124261,-565552,5558709,2167054,3661045,296162,361741,310925,-5416,1077013,425623,-2832,53308,90316,154056,2712433,314554,285251,105374,54729,116187,-10678,-284132,-266369,-5261,-4296
1999-07-01,7205185,-732897,6472288,2299758,4582114,323314,532234,482430,-5374,1026217,269683,-5432,75401,102925,147039,3569950,338771,375295,108960,67044,32012,-16004,-423324,-292361,-5804,-6515
1999-08-01,6273720,-572022,5701698,1817429,4045610,410682,389926,210944,-4153,988304,233810,-1402,157035,86733,168547,3115631,309025,329899,105252,77108,24414,-12947,-249983,-304286,-7169,-4349
1999-09-01,6088800,-467816,5620984,2321385,3437384,330032,596968,207768,-4059,1179283,343104,-1679,105856,78068,147726,2774006,258923,157495,99635,67775,23186,-13616,-259264,-193985,-6048,-4167
1999-10-01,6834784,-686688,6148096,1912452,4596640,325693,365883,213514,-7764,1042235,302475,-3891,76299,90776,160979,3460834,313145,477844,82683,67533,56601,-17318,-425505,-248432,-4998,-4827
1999-11-01,6318104,-505231,5812873,2184394,3823314,310397,578233,150358,-7825,1049661,427166,-13199,63685,105405,149626,3029920,269824,233796,83102,69486,51243,-19264,-274052,-218981,-5165,-2550
1999-12-01,6862855,-1168752,5694103,1866197,4485687,510971,364034,265776,-6995,612445,634260,-3323,226845,126921,161567,3451561,273333,413710,65333,75397,24969,-18991,-957681,-193446,-7845,-5134
2000-01-01,7863204,-373041,7490163,2477983,5050696,334523,4339,929820,-6380,172141,1382495,-4432,74796,92769,171464,4022630,350476,355581,71263,101429,108050,-80027,-225536,-122183,-13469,-6879
2000-02-01,7782240,-421943,7360297,2504026,4671984,606229,363724,238970,-6686,987264,923603,-2849,45228,243838,319653,3658159,374975,362326,70284,62444,40006,-12002,-298612,-106487,-6773,-3394
2000-03-01,7426821,-352591,7074230,2437724,4738919,250178,558278,213534,-6399,1106511,568239,-2439,42922,88180,115756,3819638,364529,306696,64407,59601,43852,-16049,-230669,-102308,-8075,-4803
2000-04-01,6697422,-211571,6485851,2415264,3996389,285769,347805,393020,-2524,1181425,496103,-565,46368,92182,132817,3223902,340344,157446,89032,57234,58842,-7443,-138755,-60260,-5105,-3725
2000-05-01,8622917,-395440,8227477,2674718,5641987,306212,540585,318647,-7564,1088904,749819,-15673,44110,89419,159410,4555049,256234,497203,112236,65917,60276,-30503,-213477,-164065,-9303,-5313
2000-06-01,7337246,-414781,6922465,2816217,4164912,356117,374856,498622,-7566,1246097,707869,-3661,60762,92742,188881,3347237,255193,386344,73963,69872,59312,-144246,-133012,-250700,-20656,-4681
2000-07-01,7709586,-465625,7243961,2404235,4980500,324852,593135,240287,-4635,1195483,449945,-69980,38592,102179,167835,4037888,291039,368442,98144,69084,29541,-14954,-178976,-264888,-11722,-5349
2000-08-01,7628842,-562221,7066621,2519104,4750559,359180,413464,217431,-2402,1355235,536242,-866,34828,105432,194028,3770053,334984,373167,87383,64423,13316,-8855,-251298,-288636,-9456,-5791
2000-09-01,7744434,-477180,7267254,2556664,4879029,308740,607689,227803,-8632,1269351,464295,-3842,37448,98947,153090,3966152,274374,351878,87444,75508,64801,-37763,-204226,-253299,-9694,-4076
2000-10-01,7479394,-406811,7072583,2427193,4761403,290798,359133,316703,-4470,1398916,360499,-3588,23964,92684,148770,3833142,342975,328275,90768,73096,17877,-19825,-212782,-171104,-12375,-3573
2000-11-01,7764650,-503295,7261355,2400854,5020664,343131,588437,221470,-7914,1191375,415342,-7856,30854,134089,148444,4019317,300935,398726,94393,83930,22074,-17854,-261326,-206433,-9982,-6960
2000-12-01,6497909,-840765,5657144,1545190,4645549,307170,357846,157797,-5197,655874,382492,-3622,34109,113154,139773,3728470,307462,305489,72184,70453,84671,-13080,-613064,-203161,-13050,-4285
2001-01-01,"8,214,621",-325411,7889210,2764116,5175828,274678,350355,951597,-3844,25026,1453340,-12358,21278,94162,136545,4198773,302980,354537,81876,126854,25599,-21429,-181077,-129846,-6609,-3752
2001-02-01,"7,635,837",-456287,7179550,2337798,5027834,270205,374873,238357,-4395,1066570,665363,-2970,17055,89281,141309,4094329,292042,370314,71018,68446,46317,-12947,-335109,-104135,-7939,-4896
2001-03-01,"8,544,679",-297676,8247003,2870426,5370491,303762,537247,184743,-5363,1114669,1042507,-3377,19368,115943,146385,4263659,328128,539633,84189,63701,18837,-27069,-171391,-105101,-9469,-6580
2001-04-01,"7,014,328",-281334,6732994,2107751,4662875,243701,343183,164366,-4046,1140878,466023,-2653,20982,84628,119899,3890207,241078,295253,89693,68558,19793,-14499,-187877,-80948,-3842,-4226
2001-05-01,"7,955,201",-416272,7538929,2220363,5442644,292194,543232,196627,-4880,1093598,393900,-2114,17651,90959,160360,4653382,264772,309957,111971,68546,39594,-81038,-219730,-176283,-7509,-6311
2001-06-01,"7,397,247",-471957,6925290,2267205,4850130,279911,336536,298620,-4655,1212126,437678,-13100,22368,99138,136001,3852372,280789,387718,93734,66881,98876,-47724,-169726,-282475,-9497,-6253
2001-07-01,"8,594,088",-601339,7992749,2737179,5585545,271363,577728,415125,-4065,1149944,601663,-3216,20323,90265,138000,4538586,367923,424089,95808,68722,26501,-29927,-273299,-302825,-14670,-6229
2001-08-01,"7,813,737",-536036,7277701,2200406,5344922,268409,362618,188094,-4912,1243319,417201,-5914,17112,86979,144234,4330499,222575,469481,85324,72570,42875,-17017,-245350,-276816,-4824,-5218
2001-09-01,"7,691,967",-452725,7239242,2331688,5111589,248690,608037,196155,-2972,1077981,454601,-2114,13893,81003,128746,4257464,243898,404138,87211,72343,8639,-74240,-247308,-181877,-9923,-7635
2001-10-01,"6,564,896",-484803,6080093,1849429,4508917,206549,315296,199267,-7476,964349,383180,-5187,11717,62511,116687,3677955,193640,390745,73939,69640,20469,-12075,-269109,-203352,-4129,-5504
2001-11-01,"7,130,906",-696768,6434138,2100918,4789304,240683,590687,163695,-4052,934812,419630,-3854,16600,86098,116170,3925672,249619,341542,66068,80049,51330,-14803,-430219,-238646,-16048,-7256
2001-12-01,"6,519,826",-718213,5801613,1578501,4651223,290102,316902,218840,-5011,580928,469138,-2296,17635,112164,136550,3731255,258854,386769,82649,74863,22727,-15383,-507473,-189132,-8489,-6682
2002-01-01,7720189,-502076,7218113,2114141,5368796,237251,6012,880771,-6157,19351,1217904,-3740,14536,75263,133841,4336366,314329,407516,95805,119863,22389,-27469,-315525,-168537,-8743,-4974
2002-02-01,7872957,-687853,7185104,2543389,5060895,268672,334003,363519,-6934,1041731,813805,-2735,11887,87548,148843,4112414,258212,400756,62256,66467,68806,-9346,-546413,-124127,-8414,-5343
2002-03-01,7563747,-572843,6990904,2424442,4855173,284132,538062,254093,-3843,1035849,602770,-2489,13624,102958,151580,4137537,209374,290841,95236,63548,15141,-35711,-441297,-117801,-4165,-5032
2002-04-01,7062036,-281924,6780112,2023100,4780197,258739,327276,196281,-4425,1125973,381806,-3811,11341,75028,157374,4630122,365898,498256,109340,76809,11022,-57106,-166005,-102533,-4202,-6727
2002-05-01,7535421,-464691,7070730,2148763,5073527,313130,559178,200935,-6814,977385,437029,-18950,13551,134187,148649,4175896,278689,363634,109411,71258,12388,-44560,-185858,-264509,-7370,-3146
2002-06-01,6664509,-503438,6161071,1834833,4560367,269309,351492,209554,-6765,964264,318571,-2283,20007,90923,146866,3759323,212451,383284,96973,65169,14493,-74938,-185309,-293635,-11050,-6943
2002-07-01,8334400,-541993,7792407,2196368,5849770,288263,594722,232706,-6386,1042717,336997,-4388,16075,96967,168400,4844040,220835,609207,108597,73168,14430,-156047,-178177,-349115,-4274,-6739
2002-08-01,7077273,-845397,6231876,1711561,5102757,262956,321942,170560,-5083,949359,279429,-4646,14027,79570,152276,4016060,286791,579869,103489,67608,68329,-141681,-475248,-349280,-7236,-7399
2002-09-01,6756781,-233382,6523399,1925294,4670539,160948,531245,158320,-8634,933113,313984,-2734,9445,46649,99099,3868865,198242,436639,108162,66494,9636,-96019,-71256,-149398,-5153,-5160
2002-10-01,5537214,-308246,5228968,1565804,3879946,91463,256338,126496,-2352,950412,236127,-1217,6020,30530,51384,3247696,177620,375767,81990,64644,27944,-168286,-153292,-150736,-604,-290
2002-11-01,7727613,-379108,7348505,1794603,5795576,137435,501904,117657,-9164,900876,288429,-5099,6588,47573,77067,4647481,214201,644335,87243,79399,8977,-20595,-223139,-155602,-7,-5
2002-12-01,6523853,-508510,6015343,1503191,4643090,377572,252690,193797,-7661,658714,411310,-5659,48769,112531,195647,3639410,242254,479711,91366,76654,26621,-17242,-219826,-253872,-8258,-21146
2003-01-01,7441435,-1114562,6326873,2027748,5134721,278966,5999,726777,-4437,40503,1266584,-7678,29196,100322,141096,4048891,281208,448224,93135,133860,16237,-24044,-799627,-280702,-12073,-14989
2003-02-01,7089012,-744465,6344547,1980192,4713466,395355,226103,271681,-4476,897143,592024,-2283,18119,172788,176605,3863442,254752,554129,97951,61173,29327,-338079,-508497,-193426,-9989,-16580
2003-03-01,7233888,-524740,6709148,2109429,4901420,223039,424145,248157,-4483,962425,484672,-5487,15704,94271,121359,3816222,242962,519556,121245,73072,12483,-93388,-349667,-139901,-6272,-6215
2003-04-01,6350270,-348810,6001460,1720213,4465717,164340,226380,152595,-1980,1033712,311622,-2116,10614,50931,97446,3518759,182573,384359,106420,65158,6791,-5037,-252122,-71602,-6034,-3574
2003-05-01,7098745,-525271,6573474,2139822,4792198,166725,438139,344177,-15612,1123273,258298,-8453,15781,49833,95001,3721948,207681,476676,103242,76757,10288,-23961,-372677,-119745,-11547,-7197
2003-06-01,6457278,-480980,5976298,1981383,4253139,222757,231641,203382,-7504,1248760,308401,-3297,17598,70439,127061,3095910,203457,464769,105128,150861,22157,-16544,-153451,-287347,-12030,-7210
2003-07-01,7816055,-613633,7202422,2498586,5049252,268218,454496,394066,-5152,1290189,369319,-4332,14061,87551,154779,3593671,540774,482309,121385,72946,10465,-18893,-244244,-329153,-13715,-7344
2003-08-01,6972344,-649972,6322372,2389401,4326773,256170,249848,545642,-4128,1224187,376355,-2503,10019,88346,155553,3108135,221292,583952,106936,71821,13270,-24305,-331583,-286550,-8108,-5770
2003-09-01,7170526,-628780,6541746,2208615,4710926,250986,463683,183229,-2960,1182218,385079,-2634,14013,78475,151473,3532954,302807,453318,103174,79803,4282,-13547,-301460,-295506,-13512,-4803
2003-10-01,6652486,-386546,6265940,2033924,4455021,163541,227324,188433,-3983,1292295,332106,-2251,6504,43105,110462,3384061,179398,479390,105518,66391,5550,-13173,-171436,-191385,-12749,-4482
2003-11-01,6783495,-396334,6387161,1996444,4614810,172242,441244,186555,-2648,1133541,252506,-14754,5587,46962,112688,3672792,227253,520551,90473,67907,6707,-209925,-212740,-156546,-8676,-4377
2003-12-01,6190146,-647031,5543115,1580955,4411330,197860,215128,164209,-7063,807574,405068,-3961,12147,55135,119042,3266898,237988,514874,96579,70807,8288,-49469,-449312,-175467,-4688,-4201
2004-01-01,7484584,-564150,6920434,1983680,5239621,261283,3201,647863,-5033,33590,1311699,-7640,7721,74181,154506,3738511,296760,536060,97805,124613,24134,-41996,-322706,-210370,-5293,-4112
2004-02-01,8157028,-628105,7528923,2440477,5306171,410381,216044,278332,-6201,1100003,880067,-27768,10487,148844,213561,3865049,269625,661427,104456,64466,22506,-24192,-412331,-186524,-5949,-3743
2004-03-01,8031894,-829527,7202367,2777246,4937287,317361,437871,228892,-3227,1141817,981580,-9687,10718,105603,186851,3767546,373225,643038,103845,68768,24940,-323249,-622730,-172315,-10094,-4615
2004-04-01,7074427,-482990,6591437,2343411,4469483,261533,240404,201858,-3457,1331792,574584,-1770,11214,77726,161313,3333042,228495,486735,113626,62719,6780,-15781,-356407,-102642,-5132,-3767
2004-05-01,7326785,-477199,6849586,2348798,4676075,301911,466736,221842,-4420,1130869,535810,-2039,11694,89937,185880,3573971,216403,532126,137634,73307,8486,-127282,-283343,-160488,-12567,-4100
2004-06-01,6640058,-778290,5861768,2223174,4081746,335138,243997,206719,-5112,1298005,493724,-14159,14431,106512,199997,3030193,194984,478826,104183,67754,6486,-20956,-362791,-373243,-11072,-12772
2004-07-01,7887461,-801687,7085774,2540698,4950935,395829,492137,261823,-8223,1363589,437225,-5853,27838,118338,225703,3772855,216080,530405,120564,79803,6362,-18898,-413368,-344516,-9566,-6451
2004-08-01,6857410,-682686,6174724,2206189,4270124,381096,262756,221285,-4165,1311819,418135,-3641,22579,116510,219174,3114766,224290,500110,92891,73560,38464,-26912,-285150,-360692,-8320,-5025
2004-09-01,7394628,-469115,6925513,2632500,4464369,297758,505298,186380,-2551,1396033,553066,-5726,12976,87886,178256,3335714,217978,473274,102633,68374,7481,-8507,-175602,-271384,-7435,-2879
2004-10-01,6784471,-436426,6348045,2265905,4169962,348604,232746,205476,-4826,1345379,551784,-64654,12682,153985,159734,3216664,174188,495820,91059,73507,9005,-107894,-169645,-244910,-7693,-6001
2004-11-01,7277169,-593229,6683940,2567821,4404609,304738,481927,179467,-4769,1302573,629746,-21123,14622,106545,163213,3282226,204162,491710,97684,83859,12031,-13213,-264517,-303909,-6458,-6467
2004-12-01,6650952,-711977,5938975,1912227,4385541,353184,245560,216753,-4630,834044,624071,-3571,15514,121554,194622,3221393,230741,517430,96050,79095,12535,-17241,-405667,-260162,-9007,-9261
2005-01-01,8925754,-551358,8374396,2901842,5645039,378872,3921,908411,-4369,145803,1852128,-4052,18039,127797,209898,4195048,279460,625482,105962,134746,13131,-38330,-285239,-198121,-11271,-6687
2005-02-01,7701864,-698994,7002870,2609215,4708929,383719,206674,311955,-5310,1209655,890160,-3919,11433,132337,207771,3407320,201121,578253,96767,65561,11850,-10102,-484733,-179901,-7771,-5951
2005-03-01,8295235,-475885,7819350,3224417,4701389,369428,467935,412917,-6363,1479451,873102,-2625,27229,115544,203281,3429424,233753,511459,111565,69750,41466,-16699,-265318,-164091,-12188,-9395
2005-04-01,7403889,-358231,7045658,2660596,4260546,482746,232519,243999,-5266,1500927,693998,-5581,48890,171867,220755,3083428,209487,502762,106383,67949,8164,-41273,-237449,-101140,-3519,-5668
2005-05-01,8337722,-407998,7929724,2554198,5119408,664115,517963,237036,-5468,1359693,449984,-5010,81135,279700,261037,3892629,216529,521371,151733,73886,11558,-31819,-171147,-213501,-3814,-2926
2005-06-01,7590231,-575883,7014348,2758894,4358183,473154,247267,288102,-10529,1693786,548628,-8360,36742,203611,217259,3011534,262307,554206,159383,67379,37874,-23269,-180434,-337908,-23554,-11590
2005-07-01,8293059,-686581,7606478,2852158,5072509,368391,538762,225899,-9144,1498004,606155,-7518,18502,117109,222593,3741700,199241,608433,138421,75399,9423,-15494,-280811,-371689,-8439,-7460
2005-08-01,7821490,-666230,7155260,2725252,4668386,427853,286152,352830,-6224,1553492,544813,-5811,17339,139904,247508,3353671,216485,662374,120651,76345,10356,-49404,-250235,-378842,-10394,-13714
2005-09-01,8609508,-899982,7709526,3422557,4776915,410036,597431,308659,-11323,1636330,895185,-3725,15112,137196,238811,3590669,249641,595145,121470,74493,10095,-179225,-252561,-318688,-7826,-5600
2005-10-01,7485496,-284010,7201486,2584141,4598103,303252,265228,172935,-2685,1619026,531268,-1631,26451,94789,163917,3458115,188796,613406,118781,73607,12434,-168780,-98669,-169849,-4108,-3237
2005-11-01,8097240,-524691,7572549,2982737,4687442,427061,514445,259162,-5679,1817660,406929,-9780,43595,135125,226228,3367234,297793,520376,113659,83197,51808,-16570,-231722,-256689,-15471,-8881
2005-12-01,7071962,-1131702,5940260,2091347,4604406,376208,241081,226128,-5043,915452,717144,-3415,16103,178265,193006,3301991,238793,551125,104545,86575,38033,-11728,-798726,-300485,-8948,-7742
2006-01-01,10450197,-474068,9976129,3688148,6342020,420028,12043,1035609,-8026,98600,2556761,-6839,16905,141358,235880,3999101,350862,575597,225974,152314,0,-40440,-237679,-188973,-9945,-5689
2006-02-01,9358951,-442619,8916332,3809526,5071524,477900,249259,472871,-4054,1555208,1574596,-38354,13996,187858,240034,3475282,324615,572966,177386,72562,0,-9281,-239144,-149109,-11096,-5628
2006-03-01,9130679,-475537,8655142,3413107,5225869,491704,517707,288671,-4988,1627089,1001783,-17155,20326,172349,272786,3823069,233697,553696,169561,67816,40990,-32557,-270393,-131564,-10142,-10413
2006-04-01,9441985,-434018,9007967,4125386,4913873,402727,267355,631781,-3272,2582116,652603,-5197,10179,145693,219780,3479853,296940,523729,188723,77775,0,-5328,-317448,-83584,-4585,-3063
2006-05-01,3895956,-757202,3138754,3408743,0,487213,633051,405524,-4728,1763475,635751,-24330,8698,150161,287254,0,0,0,0,0,0,0,-514364,-223220,-9841,-7531
2006-06-01,7793106,-709203,7083903,2925866,4502793,364448,282689,315018,-4439,1679304,677333,-24039,11469,114921,206718,3017461,307736,545670,177474,78644,0,-24739,-333134,-340901,-9655,-5781
2006-07-01,8959017,-647930,8311087,3140466,5270500,548050,607219,363178,-6785,1648604,531213,-2963,7665,196123,297392,3793465,244117,652737,138804,75317,53028,-12802,-224675,-378367,-14170,-9586
2006-08-01,11566319,-625726,10940593,6467350,4580184,518787,304350,297377,-5957,1713881,4162368,-4669,5993,174820,293960,3349260,220455,479464,128622,72484,15519,-11044,-259446,-326099,-9573,-10693
2006-09-01,8678912,-651594,8027318,2980430,5373980,324501,572444,235115,-4914,1823073,357412,-2700,4043,107521,191481,3892574,415665,492767,133462,82025,52978,-5237,-318683,-301853,-10742,-3897
2006-10-01,7562916,-450291,7112625,2511540,4732159,319218,274999,234685,-10354,1697152,318813,-3755,6356,109744,185787,3402035,330520,500292,115518,82186,26868,-7641,-205130,-219712,-4399,-2369
2006-11-01,9310512,-913137,8397375,3850688,5048403,411421,583950,332808,-4078,1976975,963981,-2948,6691,170223,206836,3671251,496108,494054,107731,89750,17506,-178190,-524944,-316346,-38385,-18376
2006-12-01,7699522,-786155,6913367,2161637,5103046,434839,294037,302824,-4187,1114615,459121,-4773,6948,163984,234924,3480966,435392,481500,116653,94596,67128,-12030,-476038,-258768,-20271,-7807
2007-01-01,11552158,-486978,11065180,4827728,6146139,578291,57237,1064634,-4850,46445,3667396,-3134,7541,253847,273294,4170065,697459,518817,139248,153976,20628,-36823,-220649,-178332,-26896,-12567
2007-02-01,9967401,-474689,9492712,4161021,5311802,494577,272703,469432,-18749,1745188,1697254,-4807,8398,205401,243270,3704796,332723,533335,126642,64287,18935,-4980,-251961,-136588,-22109,-7063
2007-03-01,10053636,-598297,9455339,3698583,5853630,501423,522189,352259,-4091,1828844,1011916,-12534,4391,185425,277645,3879978,679131,509725,161466,83461,0,-24123,-422353,-112211,-15959,-10020
2007-04-01,9426544,-354498,9072046,3669887,5396155,360502,296918,560975,-8438,2142290,683404,-5262,5678,127469,200893,3815496,337786,492979,139494,78886,111644,-61917,-217261,-82467,-15670,-19566
2007-05-01,9725028,-1184177,8540851,3359646,5770406,594975,611423,375077,-8229,1912611,476583,-7819,8122,243999,293432,4011726,460360,497259,197505,76159,32214,-11137,-939254,-193098,-13534,-9767
2007-06-01,8915420,-562570,8352850,3314691,5157414,443316,361126,362770,-5852,2081913,518197,-3463,7810,152501,245167,3398017,414895,516112,165607,68031,55636,-6056,-184293,-315392,-25311,-14503
2007-07-01,10387408,-675879,9711529,3718237,6119776,549396,685363,366808,-20513,2121900,568290,-3611,7329,204936,299869,4223792,440838,653845,136859,75923,35686,-13315,-244378,-359730,-28193,-19392
2007-08-01,9557876,-697745,8860131,3590293,5381309,586274,340249,383956,-4109,2062696,816099,-8598,5067,220386,307119,3663320,414326,533044,154895,79720,4,-5583,-280758,-369158,-11511,-11243
2007-09-01,9404483,-477885,8926598,3228266,5658160,518059,625739,304418,-3367,1933034,371869,-3427,6160,168528,316223,3998903,393979,531867,128662,80484,74315,-10002,-187426,-262279,-7407,-6124
2007-10-01,8571853,-575552,7996301,3037558,5066021,468273,316427,312217,-5119,2057115,362859,-5941,4795,206438,242058,3606456,436836,468850,112055,72459,26834,-7507,-255940,-285016,-10740,-5707
2007-11-01,9135984,-858368,8277616,3224872,5458589,452524,635617,362809,-35604,1749722,517690,-5362,3182,199312,230229,3842483,433091,534160,131908,79195,9891,-7716,-516861,-314461,-8125,-3444
2007-12-01,8030055,-911595,7118460,2270409,5200742,558904,318843,305216,-2934,1193689,459159,-3564,3744,239294,301800,3409679,594797,513014,166298,101788,0,-6146,-577452,-291616,-9494,-17113
2008-01-01,10485385,-647836,9837549,3541478,6332167,611741,7419,1089761,-5025,39586,2412591,-2854,3252,253141,335510,4194919,802694,586441,159674,163721,0,-6364,-367276,-226326,-11669,-8360
2008-02-01,9668888,-488989,9179899,3758477,5432435,477976,285990,432481,-4483,1836971,1212768,-5250,5731,193443,264245,3742373,537725,576482,167919,77399,0,-10575,-275360,-168096,-10079,-6001
2008-03-01,8860863,-509456,8351407,3290742,5126682,443441,563276,297532,-6579,1920957,518830,-3274,3789,166685,264747,3593498,528392,536047,163574,79068,0,-10613,-319197,-142763,-8014,-10805
2008-04-01,8974366,-375132,8599234,3294217,5219790,460359,397923,307527,-12588,1867678,737386,-3709,6114,190967,256135,3650061,539657,594904,142772,78222,0,-15536,-252089,-98251,-3218,-2218
2008-05-01,9472075,-673039,8799036,3341978,5610529,519568,646686,294277,-7695,1813098,608423,-12811,6652,241273,268746,3866543,724498,573808,192650,80217,0,-30978,-397323,-213048,-16936,-17726
2008-06-01,8337462,-1203877,7133585,2980509,4893460,463493,334251,316341,-5150,1843832,497857,-6622,4854,217364,235930,3272601,503691,604874,240637,76878,31286,-27037,-851220,-307621,-10098,-6229
2008-07-01,9572181,-841590,8730591,3286404,5660396,625380,666867,386858,-4452,1675675,570177,-8721,7048,307209,304217,3943370,333543,763104,151953,81260,214685,-20954,-410303,-382776,-18583,-5954
2008-08-01,8564149,-1057563,7506586,3114687,4942316,507148,365265,258032,-3792,1767523,732019,-4360,6643,195368,302839,3409247,289141,606823,181567,85449,171912,-9228,-602921,-336978,-28812,-7569
2008-09-01,8750071,-959320,7790751,3272467,5022530,455073,654204,306801,-2814,1695377,622367,-3468,3484,192116,254174,3600979,334316,587389,158901,87711,71543,-22284,-438113,-332808,-13779,-8427
2008-10-01,7647964,-483273,7164691,2504582,4759743,383638,327367,313794,-4912,1508440,365144,-5251,3710,162378,197920,3281993,282512,605663,116742,77219,215340,-10021,-197540,-199851,-8539,-3883
2008-11-01,7895058,-754467,7140591,2624933,4789129,480998,619203,257871,-4693,1306465,452341,-6254,3153,214660,259857,3364404,306516,588504,115999,92613,142002,-16808,-435817,-268175,-13885,-5021
2008-12-01,7360515,-1107150,6253365,2164641,4793666,402207,316837,284690,-5043,1119466,455511,-6820,2827,182980,211704,3270662,290028,611374,163990,87248,279108,-70373,-762567,-302586,-15491,-6519
2009-01-01,9125935,-881277,8244658,3064462,5738637,322836,15160,983799,-5078,49851,2035325,-14595,3493,128129,189385,3749652,412641,637637,183735,146306,488005,-64643,-565489,-249574,-23614,-7763
2009-02-01,7712503,-745328,6967175,2739110,4633146,340247,291921,374749,-10436,1408093,677775,-2992,5406,161598,174363,3218025,290766,614101,178123,65316,61283,-11734,-531742,-162084,-14085,-7049
2009-03-01,8343421,-1305566,7037855,3080107,4934233,329082,568296,400922,-4518,1463267,656780,-4640,2837,145916,179577,3426301,327045,601504,178412,69859,107632,-6112,-1049424,-190947,-28757,-8719
2009-04-01,9231359,-1249765,7981594,4126392,4713253,391714,312299,334625,-3576,3040602,447846,-5404,3259,175770,211412,3264263,334406,577089,178253,67325,107287,-6273,-1094389,-119415,-14368,-3212
2009-05-01,8148763,-920017,7228746,2873073,4879328,396362,599409,305725,-4494,1495530,486120,-9217,6842,174174,221520,3285497,402661,586623,197710,72997,106037,-11040,-622897,-245722,-21059,-11156
2009-06-01,7351808,-1210339,6141469,2607868,4364429,379509,342412,281587,-4677,1446723,547488,-5665,3247,153758,224193,2750861,247873,585077,190159,75756,309662,-6539,-716481,-424027,-25418,-14635
2009-07-01,9062942,-1402803,7660139,3212368,5385536,465039,670241,292399,-5842,1758156,515165,-17751,8259,181774,273132,3589561,376925,802022,169128,70274,154233,-9711,-852489,-509637,-19220,-7283
2009-08-01,8008355,-1219217,6789138,2730924,4831337,446093,328211,305368,-3157,1691904,416976,-8378,3357,143740,294880,3191775,290926,630349,196307,66271,214471,-4317,-754259,-418538,-15353,-6668
2009-09-01,8253583,-717436,7536147,3088957,4697359,467266,649361,252254,-4644,1711644,488340,-7998,4799,175693,284462,3211937,305410,574258,193347,70322,64324,-3837,-341649,-341528,-10688,-5342
2009-10-01,7922307,-947286,6975021,2848095,4599736,474476,324889,280676,-4004,1910039,342607,-6112,2027,156296,315743,3094799,287649,628951,135752,69717,163386,-6496,-612433,-299354,-13696,-4670
2009-11-01,8749486,-888192,7861294,3460986,4734799,553701,604462,261968,-4816,2157262,449883,-7773,1884,226633,321700,3131363,298379,581539,174834,81944,246207,-5759,-497976,-323047,-25861,-15414
2009-12-01,7924255,-1279316,6644939,2633100,4782134,509021,335345,334356,-4031,1360495,613816,-6881,3568,183272,319532,3154124,280405,599481,185036,77552,251109,-4710,-861962,-374481,-11808,-7005
2010-01-01,9751750,-894879,8856871,3094531,6165942,491277,8112,1032911,-5392,1228639,2320670,-490409,1695,175951,312639,3716847,502685,617130,218743,142321,664600,-17688,-562008,-284065,-17770,-9236
2010-02-01,8729828,-989155,7740673,3237496,5024194,468137,254389,378554,-2939,1703418,932455,-28381,2085,163548,301872,3390815,349509,689510,199497,65714,152631,-163884,-721106,-228942,-12393,-4516
2010-03-01,8996361,-1149691,7846670,3416416,4955318,624626,555262,337452,-3394,1847628,685975,-6507,4167,198613,422227,3416691,279067,599312,173786,70328,173840,-3898,-855337,-229776,-26609,-13143
2010-04-01,8985935,-1088886,7897049,3196159,5318572,471205,312885,273557,-5934,2139577,480874,-4800,7472,183327,281838,3520485,395696,610942,188826,67680,180127,-35949,-859588,-176826,-18261,-11580
2010-05-01,9179759,-570758,8609001,3233481,5401976,544302,607881,272464,-4098,1981143,436546,-60455,2383,217605,321180,3473675,478542,603482,214115,70913,286863,-9936,-288495,-233132,-22571,-9546
2010-06-01,8217466,-1694405,6523061,2806245,4819579,591641,302819,287624,-9411,1795045,433351,-3183,5057,223354,362287,2944625,322263,605444,249853,67245,402101,-4712,-812982,-442180,-14805,-8270
2010-07-01,10380438,-1395916,8984522,3590183,5974415,815838,631801,324704,-2547,2063118,577974,-4867,8260,431963,376992,3716939,388179,881016,176949,76183,504592,-6720,-832628,-496183,-29364,-11727
2010-08-01,8658466,-1411209,7247257,2981904,5008877,667685,326990,308526,-3728,1920876,433712,-4472,5384,281764,380326,3279767,355222,675060,213454,70743,296463,-53393,-767031,-584111,-21500,-8278
2010-09-01,8798589,-844395,7954194,3130785,5163016,504788,636272,206764,-6197,1925254,377480,-8788,2311,198511,304161,3413930,339504,639454,151687,65888,323646,-3706,-474260,-327780,-19333,-6641
2010-10-01,8728346,-763664,7964682,2897588,5261402,569356,290208,247531,-4508,1987068,383794,-6505,2412,205981,362922,3201133,304572,626583,210853,75785,615344,-4309,-329803,-376358,-28562,-10810
2010-11-01,9025711,-796941,8228770,3401275,5075628,548807,620730,314348,-2765,2135196,338342,-4576,7410,199405,337021,3294222,402068,608343,173905,76158,253709,-13134,-388158,-365090,-17706,-7549
2010-12-01,8645658,-1564596,7081062,2893256,5113932,638470,312780,345241,-2924,1551812,695359,-9012,6550,244475,392716,3275888,360711,673577,188045,78968,288419,-7574,-1010211,-470780,-30021,-10813
2011-01-01,11081519,-907470,10174049,4281160,6100981,699377,12056,1190186,-3226,31293,3053839,-2988,6836,273714,419020,3756090,634871,658666,167158,141863,464696,-4037,-551139,-298187,-13151,-7428
2011-02-01,10570334,-1010470,9559864,4207686,5685608,677040,251946,488099,-3436,1912296,1661253,-102472,26267,244861,405081,3653799,358397,720318,191417,66228,296940,-6413,-664986,-273182,-16505,-8353
2011-03-01,9596636,-953906,8642730,3533656,5368046,694934,555017,344126,-2372,1922680,720575,-6370,3842,321486,367868,3721206,336962,594330,189816,70194,132483,-11453,-677124,-211401,-18159,-8273
2011-04-01,9496037,-757256,8738781,3403496,5478975,613566,291440,275978,-2830,2333572,508592,-3256,7102,221431,386262,3764368,353946,627771,231289,70805,171769,-3404,-562358,-150275,-15607,-11813
2011-05-01,10195814,-642718,9553096,3617010,5821885,756918,633845,267264,-4096,2139535,587004,-6542,5088,348888,403646,3867948,433497,686744,244801,70581,308480,-3724,-325417,-248800,-21142,-10710
2011-06-01,8910577,-1149372,7761205,3315185,4873014,722379,310090,256981,-5896,2310490,447186,-3666,4917,328020,387001,3079195,315880,639322,221644,65881,341339,-5129,-724442,-381663,-12490,-8847
2011-07-01,10484049,-878067,9605982,3739298,5981520,763230,654927,618580,-2299,2066369,405404,-3683,8375,347979,406721,3922621,359140,900466,196457,75106,289684,-15827,-386792,-429440,-29081,-10538
2011-08-01,9072867,-983102,8089765,3143461,5230430,698976,308828,318791,-3594,2069540,454206,-4310,7880,333944,358023,3428881,308036,722887,207704,77618,326701,-31467,-405187,-496121,-33274,-16814
2011-09-01,9116972,-1106130,8010842,3287247,5281592,548133,652487,309659,-36734,1959358,410528,-8051,1948,232848,313159,3588178,399037,719763,133964,76096,129373,-3813,-633643,-416689,-24831,-7407
2011-10-01,8433121,-562162,7870959,2754657,5189043,489422,284116,240777,-5756,1784250,454583,-3313,5055,205176,275553,3403513,310941,696389,180783,78547,308311,-6758,-241629,-256655,-34795,-12615
2011-11-01,8786277,-849847,7936430,2982577,5322241,481457,609747,247114,-2739,1733666,401708,-6919,3529,199697,278962,3516380,329424,657753,207212,82038,315324,-3287,-435292,-344434,-30193,-10252
2011-12-01,9455014,-861345,8593669,2885600,5998500,570913,351250,402928,-10629,1473527,672132,-3608,6256,298659,262960,3398378,358033,705911,188027,83776,1068190,-5709,-422870,-385322,-19630,-11749
2012-01-01,14887673,-1602058,13285615,4260065,10108568,519040,3660,1835012,-6971,32298,2401637,-5571,4228,220740,293669,4088469,591234,746783,152795,137542,3957357,-28471,-1110852,-369861,-66257,-17427
2012-02-01,9651253,-753100,8898153,3862101,5190778,598374,249057,678554,-12265,1774953,1187630,-15828,3852,283570,310025,3516844,335872,744412,192645,63880,51718,-6459,-434198,-237724,-36443,-11033
2012-03-01,9450590,-1003209,8447381,3567543,5371987,511060,588124,380182,-3421,2106419,523024,-26785,3908,200080,305989,3680393,326492,767267,148327,73047,121359,-28024,-680526,-206882,-62656,-19834
2012-04-01,9224445,-599833,8624612,3207958,5592099,424388,294070,232529,-3811,2189698,500090,-4618,12952,149745,262004,3798472,327776,652157,224347,71685,277171,-5009,-369754,-149650,-32942,-12232
2012-05-01,9835545,-951449,8884096,3516386,5650815,668342,641392,297076,-3592,2171944,412857,-3291,4672,294297,369838,3701420,465790,644862,288728,76800,218852,-4059,-581776,-302643,-20392,-12260
2012-06-01,9073046,-932236,8140810,3572808,5001225,499013,346348,420410,-6266,2077642,739947,-5273,3775,212336,285897,3140476,433184,754186,215735,68420,178684,-5777,-454480,-389416,-47594,-10127
2012-07-01,10516232,-1165090,9351142,3613781,6293356,609094,669684,370197,-3096,2152219,428434,-3657,7018,201691,402701,4113351,439253,883281,197120,82020,382314,-4317,-549135,-518565,-43461,-26912
2012-08-01,9144798,-1161980,7982818,3352574,5218540,573684,368617,365991,-5315,2208530,428211,-13460,3925,205080,365118,3489620,351966,754115,213768,77847,147116,-5795,-622114,-447081,-37677,-16893
2012-09-01,9629078,-818368,8810710,3697950,5418772,512357,686797,249973,-8214,2231689,564616,-26911,3078,217429,298184,3759764,360339,684920,213118,75194,96156,-2117,-436627,-331250,-23002,-9361
2012-10-01,8633715,-781530,7852185,2814487,5275428,543799,276899,220228,-7702,1949234,380601,-4773,2027,201260,341495,3413453,314585,834758,156824,74557,330408,-31790,-377057,-328839,-44284,-11232
2012-11-01,9788762,-893337,8895425,3287490,5962823,538449,619707,296176,-8988,2037266,345903,-2574,4950,192394,341934,3996173,498830,855231,215476,89446,108386,-6383,-415687,-405062,-32734,-14411
2012-12-01,10533277,-773362,9759915,3040023,6939391,553864,312176,453530,-7630,1593092,692717,-3862,4842,214462,338889,3541665,378085,877309,182636,87539,1874999,-229948,-351002,-348807,-30963,-10186
2013-01-01,12780638,-1232545,11548093,4441382,7667358,671898,23502,1448721,-2897,204990,2770182,-3116,6457,262022,406084,4284954,822695,776615,158137,136936,1317217,-3118,-743311,-371251,-36852,-16330
2013-02-01,10766988,-2315584,8451404,4466700,5611730,688557,265386,921024,-6829,1994326,1376580,-83787,4913,284410,400424,3827265,338400,806525,209708,65827,69592,-7179,-1838897,-361302,-36214,-14773
2013-03-01,10190956,-1501011,8689945,3708497,5890031,592429,594938,340700,-2638,2021640,756977,-3120,4028,220703,366845,4034653,402118,775729,231240,69843,58143,-2038,-1197444,-236854,-30067,-14066
2013-04-01,10239020,-869213,9369807,3427842,6099965,711213,325195,276460,-4230,2309568,524925,-4076,6666,308598,394591,4156236,380215,741378,259114,68736,219095,-4728,-548352,-232153,-45853,-16378
2013-05-01,12534384,-950139,11584245,5459970,6346950,727464,706090,281723,-4919,2206255,2273397,-2576,6666,269864,451413,4046979,640714,763551,303127,69328,189754,-3400,-546592,-313842,-41472,-17193
2013-06-01,10422017,-830424,9591593,4313647,5435266,673104,369095,327296,-4557,2292216,1332094,-2497,5608,269128,400721,3398949,357438,782079,233802,66191,102634,-7282,-349581,-382682,-54846,-13375
2013-07-01,12408797,-1116458,11292339,4940762,6754941,713093,753325,430261,-3600,2191970,1574662,-5856,8658,236784,466736,4422278,370552,999819,213723,75385,312825,-6547,-503519,-520548,-46187,-16976
2013-08-01,10510313,-983556,9526757,4045754,5811424,653135,368048,410126,-4397,2316844,957867,-2734,3648,286885,364428,3788496,417552,853273,244167,77117,191820,-24699,-422425,-475525,-44892,-14408
2013-09-01,10248603,-644403,9604200,3811958,5894322,542322,742341,266077,-2225,2217612,595653,-7500,6276,218883,319449,4034062,435770,728307,238848,76684,116158,-19481,-306018,-306526,-17600,-4196
2013-10-01,10620769,-1094233,9526536,3955500,6070789,594479,411280,350040,-5379,2491440,711230,-3111,4230,207384,387256,3812591,468018,823247,213793,77254,288588,-7300,-562287,-419078,-34575,-17558
2013-11-01,11737474,-1052717,10684757,5240410,5947946,549118,702315,397241,-2567,2693340,1454281,-4200,3815,207119,340832,3836426,506607,776295,209533,79923,206048,-4346,-566270,-395731,-35550,-14145
2013-12-01,13328153,-1424793,11903360,6127269,6525469,675415,354480,430611,-10094,1539829,3819492,-7049,2488,257251,414704,3544562,418708,869171,158979,79676,1136649,-12331,-884008,-465358,-34549,-20073
2014-01-01,14565299,-1307566,13257733,6414137,7450926,700236,14477,1650206,-9994,108647,4652981,-2180,3083,268399,430292,4491713,517620,809745,256538,149374,910630,-11546,-851495,-391512,-25303,-13749
2014-02-01,10958757,-890927,10067830,4229623,5869274,859861,351854,500961,-3690,2040456,1356133,-16091,3343,335028,522388,4073745,395867,852878,196131,67796,178998,-272838,-551272,-246699,-37261,-14789
2014-03-01,11439950,-1084576,10355374,4333856,6409073,697022,650075,353145,-3025,2363123,996389,-25851,3470,252116,440262,4356326,435891,843750,245120,81569,91877,-8616,-754830,-222432,-50890,-18677
2014-04-01,11442517,-528390,10914127,3849419,6979841,613256,332325,609078,-2595,2417231,495839,-2459,6427,233184,377246,4576057,396149,806680,251108,73389,369157,-5403,-310725,-164164,-23878,-7630
2014-05-01,11425699,-789001,10636698,3937374,6724066,764259,697867,428994,-3357,2396885,420760,-3775,4219,315447,446691,4431034,486023,862983,271128,69821,190303,-5716,-401676,-274113,-47727,-19583
2014-06-01,9789468,-945067,8844401,3523191,5575220,691057,353431,360874,-5716,2383317,438757,-7472,5488,270573,415554,3482004,377419,872493,220402,66261,169516,-7388,-537148,-323210,-34053,-23096
2014-07-01,12804446,-1041044,11763402,4848367,7208283,747797,781960,506820,-4422,2354170,1214956,-5117,16758,267650,463553,4722662,474882,1091705,205650,73923,290734,-63589,-471600,-491913,-40183,-15363
2014-08-01,11821360,-885909,10935451,4733624,6339927,747808,410879,771648,-2537,2632660,922862,-1888,6655,274873,467456,4169319,488502,928921,234162,78341,178061,-13032,-364625,-445616,-43085,-12085
2014-09-01,11048809,-1553908,9494901,4067864,6371127,609818,743486,463913,-4235,2338942,529968,-4210,3382,230178,377583,4372315,470661,880118,130158,73265,162553,-3360,-1084490,-391957,-44481,-17225
2014-10-01,11193898,-714457,10479441,4207370,6423958,562570,389593,357046,-4594,2510968,956828,-2471,2936,219024,340987,4055109,432095,995845,92802,72877,328358,-4960,-341622,-306454,-29131,-11890
2014-11-01,10535184,-776973,9758211,3692162,6147497,695525,721455,410961,-3332,2176056,389914,-2892,26051,224842,446367,4114287,432470,855689,174663,76285,152039,-4604,-362682,-341505,-34267,-11547
2014-12-01,10643643,-931632,9712011,3902393,6007294,733956,406350,504860,-7810,1736196,1273472,-10675,17548,284044,432530,3782731,500415,943117,150541,81080,289205,-30365,-475806,-363274,-40240,-16719
2015-01-01,15264074,-960324,14303750,5591407,8880657,792009,18325,1912002,-5003,88750,3583234,-5901,3871,282648,506223,4732366,1054514,748071,244013,137253,1592820,-6172,-521954,-351894,-48200,-15659
2015-02-01,11787192,-1185301,10601891,4238826,6679813,868554,328108,759537,-7628,2334823,831745,-7759,6135,323746,539665,4540028,378925,839997,302944,67398,133442,-37332,-759342,-301066,-38875,-16434
2015-03-01,12694244,-1169718,11524526,4726625,7064444,903175,721772,767184,-2823,2317649,929420,-6577,3413,326615,573289,4650554,707881,876094,260340,70046,140823,-10673,-816018,-260777,-41259,-30276
2015-04-01,12560875,-845151,11715724,4349027,7390896,820952,378859,764077,-3218,2416989,795490,-3170,7259,276946,538122,5030574,488420,832719,169349,76301,296112,-8615,-584785,-186061,-38170,-20130
2015-05-01,12752035,-1355156,11396879,4309327,7509281,933428,771113,504964,-5124,2478905,570358,-10889,3135,356261,579830,4602379,929799,846863,301976,69769,272616,-4016,-963311,-282793,-30460,-11261
2015-06-01,11344684,-1157097,10187587,3954376,6369008,1021300,403660,655693,-2290,2327349,577204,-7240,8533,381681,633306,3899739,504935,848597,247197,73190,210676,-19623,-632715,-423367,-43690,-30943
2015-07-01,14691803,-1080240,13611563,5570453,7949203,1172146,834748,627500,-16484,2747455,1381542,-4308,8395,466236,699517,5245974,595922,986759,268340,79243,390359,-8963,-507168,-497130,-36968,-18344
2015-08-01,12964579,-1044148,11920431,4964907,6607397,1392274,431200,645768,-3653,2985522,909046,-2976,2760,498648,895215,4336110,470764,993694,193926,70060,253708,-7854,-505515,-463200,-39875,-19483
2015-09-01,12310594,-637302,11673292,4595552,6830933,884109,779206,988551,-4698,2384118,450290,-1915,1538,371064,511601,4668336,562069,858440,241537,78411,157863,-8836,-276694,-293043,-24438,-18597
2015-10-01,11157030,-806426,10350604,4001269,6346727,809034,399685,536395,-6160,2382826,692911,-4388,1329,361006,449890,4262960,368434,832564,233468,90557,341755,-8787,-374530,-371743,-27919,-13812
2015-11-01,12206694,-906447,11300247,4652108,6705998,848588,782642,679265,-11119,2382682,822261,-3623,2233,331432,518034,4587577,447594,867455,220502,82810,227575,-5978,-428925,-381950,-51209,-25905
2015-12-01,11508453,-1492936,10015517,4076166,6481282,951005,449182,705428,-3627,2047965,881597,-4379,3869,396244,555032,4209530,461651,904938,216958,88711,391610,-13793,-860349,-466429,-116226,-30952
2016-01-01,15641270,-1119242,14522028,6273212,8365438,1002620,11332,2254746,-4187,70057,3945127,-3863,2160,401767,603857,4928598,735622,888641,214267,146403,1285090,-9464,-657246,-383425,-45662,-14921
2016-02-01,12433769,-933760,11500009,4779368,6651454,1002948,355412,820705,-3802,2290188,1321785,-4920,1985,399409,602289,4677233,379392,893472,222097,67906,213351,-7731,-533912,-304314,-44009,-21983
2016-03-01,13005613,-1174956,11830657,5053669,6967673,984273,807501,829892,-4762,2639208,790155,-8325,2285,396416,586160,4965952,462482,910140,227731,68626,158825,-4506,-786482,-257589,-36806,-16750
2016-04-01,12629535,-718164,11911371,4131235,7601077,897222,407756,539374,-8487,2544742,666717,-18867,1483,395002,503246,5282475,511081,823505,227645,69224,392826,-3746,-432643,-203277,-39837,-22528
2016-05-01,14779668,-2077894,12701774,5883194,7879949,1016526,849720,663869,-8480,3034539,1347889,-4343,2168,383634,638121,5336984,773041,889581,252185,79644,187246,-21987,-1822822,-228843,-2770,-2297
2016-06-01,12131578,-773789,11357789,4478657,6480698,1172224,462927,868906,-5140,2519068,647534,-14638,2478,481357,691807,4144601,545034,872913,212288,74516,303609,-9741,-325475,-350781,-21419,-9495
2016-07-01,14610753,-1107934,13502819,5451111,8201997,957645,884834,763439,-2806,2937183,871439,-2978,3773,345787,610438,5538666,548889,1155630,211932,81906,410334,-16987,-474239,-429506,-145630,-39522
2016-08-01,12263087,-1010096,11252991,4339279,6767948,1155859,471239,584373,-4990,2686297,607373,-5013,1159,480347,676238,4621247,475447,980609,276417,71218,131104,-8734,-361020,-510896,-72756,-43132
2016-09-01,13727726,-1094222,12633504,5265483,7450806,1011437,874030,800518,-6498,2625414,976511,-4492,1052,376380,640277,5060186,505364,915264,254840,82811,298916,-8058,-553376,-427928,-62805,-35233
2016-10-01,7635207,-548642,7086565,2756677,4260748,617781,245404,423470,-7483,1581074,519365,-5153,725,225293,394665,2847562,220285,588924,134367,46373,129017,-6797,-219840,-275888,-24823,-16969
2016-11-01,16809663,-938645,15871018,5788191,10044729,976743,1010499,639121,-14730,3498754,677353,-22806,1149,410816,566875,7055016,657501,1252380,306555,121521,457264,-12138,-434477,-437917,-26552,-18984
2016-12-01,12665958,-1267889,11398069,5180037,6732159,753762,525221,761648,-16963,2467171,1464456,-21496,2326,376989,378834,4450769,547811,831770,226859,83537,347414,-8032,-707857,-463180,-40173,-30246
2017-01-01,17626105,-1008064,16618041,8068333,8377460,1180312,7319,2879287,-16218,224643,4992885,-19583,1288,518555,662687,5460573,787002,831831,328587,160687,548441,-6249,-511002,-411480,-37293,-24962
2017-02-01,13834160,-1054870,12779290,5222888,7528275,1082997,404122,994997,-23443,2507997,1348399,-9184,1072,431581,651542,5013371,474703,848955,278827,73628,473104,-12806,-616214,-341073,-39472,-41002
2017-03-01,14493734,-1682904,12810830,5475812,7867188,1150734,858331,782484,-3644,2707566,1134712,-3637,1095,492630,659272,5412649,493359,979927,211455,72332,401496,-9177,-1235684,-282534,-57117,-38165
2017-04-01,14065777,-980497,13085280,4669592,8646415,749771,430017,536378,-3658,2934673,780919,-8737,916,296625,454035,5662805,573859,840787,320012,79072,639854,-33447,-730930,-175313,-40597,-21453
2017-05-01,14437177,-783438,13653739,5344549,8099009,993618,869558,618600,-13869,2840993,1035506,-6239,2745,431036,566228,5551857,581195,844593,300487,78996,407586,-5720,-446805,-261181,-37024,-24485
2017-06-01,13646671,-1011859,12634812,5161205,7441231,1044234,490724,779452,-5723,2897745,1012183,-13176,2572,479717,565145,4469777,612826,933599,302940,75210,638478,-37162,-538549,-378634,-43602,-28512
2017-07-01,15830599,-1298021,14532578,5896678,8876940,1056980,977351,951836,-3706,3085069,1147329,-261201,2364,457668,599568,5338756,611255,1099138,274220,84656,992541,-12462,-705747,-464969,-65493,-35285
2017-08-01,16615658,-1273963,15341695,7167485,8324103,1124070,534119,2414325,-7514,2866411,1366384,-6240,3538,473395,649743,4833718,594037,1048839,258870,79899,1175722,-19592,-654403,-506089,-46725,-41493
2017-09-01,19182433,-856809,18325624,5845957,12408933,927543,1029661,1084466,-4919,2921374,826410,-11035,1005,383946,544639,6195639,886940,1071784,286588,101172,3520936,-12691,-394109,-385607,-33592,-22049
2017-10-01,20577666,-852693,19724973,5624148,14086929,866589,554533,1035508,-7760,3099346,957678,-15157,1564,334980,533387,5241561,614580,993118,263697,88408,6517527,-28426,-403417,-401611,-23395,-14108
2017-11-01,13530761,-1035218,12495543,5068677,7445201,1016884,921500,537949,-6253,2881043,1007429,-272991,1788,459682,557828,5061275,642294,975055,254972,81254,101745,-13939,-464017,-455259,-60778,-36780
2017-12-01,12559875,-1185939,11373936,4648664,6934543,976668,575754,1116754,-9846,2051394,947896,-33288,2044,410422,570171,4538451,669365,979209,239809,88861,153554,-12979,-628476,-463350,-48134,-30529
2018-01-01,18408941,-1538585,16870356,8464050,8922011,1022880,12462,3017633,-13477,106676,5347921,-7165,1452,365388,658818,5682137,1094937,878123,276342,153592,562007,-6371,-944434,-483882,-54015,-34641
2018-02-01,14391408,-1434574,12956834,5622723,7740207,1028478,424802,958178,-10559,2570955,1771751,-92404,5311,451953,574828,5107347,638458,1027774,281727,71048,115069,-8561,-955264,-387199,-36006,-29617
2018-03-01,15359931,-1166104,14193827,6030292,8155210,1174428,912259,802357,-10553,2946170,1442774,-62715,1096,519921,653929,5746202,627200,1029564,203525,71660,137275,-15240,-724546,-353322,-44988,-24892
2018-04-01,14998257,-1005329,13992928,5424411,8692514,881331,537863,528150,-6127,3240893,1128436,-4804,1382,366810,516053,6178763,632310,924683,277732,79602,107126,-56219,-703329,-232319,-31763,-21778
2018-05-01,14551912,-2093842,12458070,5102360,8343316,1106237,964922,677877,-10892,2764498,712360,-6405,691,510811,599663,5707647,649256,1001408,343330,76962,146719,-29524,-1572579,-394444,-37003,-21863
2018-06-01,13266563,-1162857,12103706,4707108,7508122,1051333,526317,549216,-8236,2917411,729761,-7361,1321,492092,559808,4862542,712769,917499,324261,74224,357481,-171569,-574879,-493142,-47151,-33519
2018-07-01,16829445,-1404427,15425018,6457307,9261373,1110766,1028549,830809,-7572,3041364,1583839,-19682,1867,432610,679570,6170520,897319,1275588,256350,79874,196397,-17324,-748035,-577062,-35672,-26954
2018-08-01,14599900,-1780469,12819431,5625749,7882661,1091491,566765,701830,-7497,3139647,1231601,-6597,4194,429016,661942,5207635,632361,1091598,244760,79524,357902,-20512,-1031320,-653109,-40534,-33170
2018-09-01,12505066,-925868,11579198,4492793,7312788,699485,786618,558456,-3663,2585699,567916,-2233,951,287218,412248,5001186,548500,948240,255431,65142,132938,-3938,-591248,-287924,-19848,-14312
2018-10-01,14476752,-1214102,13262650,5364266,8037327,1075160,734110,632345,-8829,3263032,754846,-11238,1531,493405,582796,5578326,562173,1046205,215055,86495,181529,-14245,-621943,-487435,-53143,-32410
2018-11-01,14444134,-1482670,12961464,5602471,7970509,871154,1003603,684842,-7119,3230147,702833,-11835,2483,345566,525966,5503976,626556,1011842,221139,83555,244439,-139621,-769848,-557695,-52409,-27924
2018-12-01,14745667,-1226128,13519539,5735018,7949452,1061195,759443,952475,-5162,2356115,1682665,-10518,5008,482709,577122,5216854,647426,1056683,215463,78864,499057,-10917,-606978,-515356,-44312,-36187
2019-01-01,19060825,-2009692,17051133,8203424,9692008,1165392,17699,2854512,-40276,520841,4871787,-21139,2742,481900,682221,6093799,1010221,1011714,241946,163463,1025310,-25397,-1407650,-492376,-38248,-30638
2019-02-01,15045279,-2708142,12337137,6019357,8019492,1006428,485242,1011220,-9191,2942760,1639298,-49972,1888,411662,594210,5592114,664661,975600,238574,69498,194521,-8431,-2126446,-443870,-78879,-30080
2019-03-01,15727208,-1491104,14236104,6262261,8450711,1014237,992066,722714,-7077,3289401,1271633,-6476,2801,432476,585607,5994869,615476,1103750,183453,76675,193078,-11823,-984459,-397939,-44263,-28726
2019-04-01,15358609,-1227819,14130790,5503090,9000500,855019,537391,900553,-4007,3163394,913699,-7940,2004,361665,492724,6373482,633351,958888,262469,73545,188498,-6875,-831921,-287055,-32680,-30539
2019-05-01,16057705,-1201993,14855712,5849557,9054034,1154114,1062606,642474,-13338,3388837,782533,-13555,3703,430695,721010,6162553,827708,1020812,318741,79988,220172,-10240,-695260,-372748,-44048,-24665
2019-06-01,13569244,-1142161,12427083,4924171,7648724,996349,579802,595580,-5849,3137784,622011,-5157,663,398243,599821,5028909,779931,1008573,239151,71918,219190,-4884,-581155,-447361,-42167,-35027
2019-07-01,16704765,-1444422,15260343,6194139,9461831,1048794,1080719,898859,-12156,3152432,1082443,-8158,4096,420846,627589,6322913,733443,1319215,252142,86268,320265,-18849,-709949,-651079,-35851,-26963
2019-08-01,14674151,-1356357,13317794,5479103,8157784,1037264,611933,710416,-35192,3471654,747864,-27572,1153,401269,638437,5379489,734187,1101257,264630,84766,252451,-15696,-534102,-675618,-42333,-30991
2019-09-01,15247464,-1012777,14234687,5538740,8686360,1022363,1073253,547337,-10544,3395593,592533,-59432,1194,458171,568797,5860764,755825,1083793,234489,82299,291572,-12341,-472997,-478933,-28284,-17007
2019-10-01,11607341,-883986,10723355,4270776,6545688,790876,639022,491557,-8511,2481365,677881,-10538,600,317594,474961,4289070,454986,884596,168705,53674,222319,-6586,-417750,-393729,-28784,-23689
2019-11-01,17718210,-1522941,16195269,6943479,9704140,1070590,1138555,1085612,-30226,3960465,797550,-8477,1457,428131,641653,6698993,835855,1205559,268408,100218,224662,-9156,-837352,-581348,-62327,-26987
2019-12-01,15935956,-2100511,13835445,6351254,8431586,1153116,717309,1546982,-15330,2227599,1884957,-10263,3454,504374,647502,5204193,973235,1133275,180719,78843,557319,-17545,-1191895,-781485,-75439,-29075
2020-01-01,20988506,-1922328,19066178,8540320,11153055,1295130,21489,3937639,-12518,91482,4519901,-17673,1183,513903,784424,6634099,1356584,1006210,233818,180963,1070401,-16536,-1252588,-569533,-41808,-30465
2020-02-01,16100226,-2165078,13935148,5823461,8801570,1475196,513605,1020534,-6818,3013061,1291778,-8699,773,596823,882306,5925780,741978,1085537,268632,73564,223285,-35015,-1612173,-457187,-44606,-29370
2020-03-01,15744711,-3483203,12261508,5127200,9584648,1032862,846731,722413,-11155,2806446,779811,-17046,2439,370615,664825,6459202,759139,1073944,218250,73680,297960,-17573,-2763482,-605066,-35114,-22012
2020-04-01,13762266,-1404500,12357766,3980477,9105593,676196,453774,338458,-12437,2450540,767947,-17805,447,269591,411245,6256189,797487,1017884,276889,62902,104488,-14906,-977757,-343389,-41274,-20528
2020-05-01,13638461,-1326454,12312007,4580605,8237806,820048,928605,682368,-12884,2451979,554670,-24133,357,319857,507712,5641394,686675,1082340,204265,67208,345195,-18814,-773003,-473592,-35157,-28427
2020-06-01,14029413,-1602293,12427120,5470235,7823599,735579,866864,606453,-7844,2872341,1141550,-9129,797,337090,400822,5394920,680488,1024840,223205,61397,160668,-13971,-623411,-876967,-40274,-23897
2020-07-01,16707684,-1460900,15246784,6012776,9667863,1027045,1114409,789155,-17581,2930621,1210535,-14363,1257,474847,555453,7071472,657691,1116809,158979,59079,230392,-54283,-739651,-637961,-35460,-27994
2020-08-01,14797241,-1302481,13494760,5508709,8129206,1159325,631140,872142,-15006,3042126,987036,-8729,1750,478366,684061,5575966,661467,1076273,180501,51506,261635,-11133,-560239,-615577,-56955,-41357
2020-09-01,15685718,-1056448,14629270,5922506,8946193,817019,1054965,918187,-9036,3029746,940036,-11392,2348,319024,499556,6367483,762288,1006861,162308,65477,253156,-10184,-474290,-514719,-27090,-23280
2020-10-01,14360363,-1110754,13249609,5174092,8312035,874237,640055,638772,-13650,3153397,813779,-58261,159,357804,521199,6061551,643330,857869,140837,61256,214371,-25216,-602238,-446723,-22192,-15408
2020-11-01,15821146,-1201127,14620019,6424100,8310145,1086901,1077876,675769,-42257,3930351,793300,-10939,599,440176,652098,5825445,719122,1020615,213802,59425,209547,-13035,-597966,-506031,-50956,-24460
2020-12-01,15289882,-1291478,13998404,5523793,8522287,1243802,697044,1176749,-11204,2600951,1079665,-19412,2224,541092,704902,5647131,674330,927740,127149,56784,673963,-14575,-624183,-562220,-58380,-30147
2021-01-01,22977582,-1580392,21397190,10467618,11378707,1131256,29075,3780262,-10115,194484,6503454,-29542,532,450983,685773,7611294,1112234,950433,191960,112402,1054725,-164513,-979977,-494123,-43037,-43717
2021-02-01,17442657,-1943968,15498689,6489411,9675967,1277279,523685,1052171,-13163,3061414,1878868,-13564,434,447763,832545,6743051,667550,910443,154718,51335,307204,-30824,-1447695,-413520,-32987,-27776
2021-03-01,18517882,-1261290,17256592,6521382,10557127,1439374,1017798,1221450,-21428,3184818,1130591,-11847,501,494254,947545,7378238,709213,1051859,138804,53657,302946,-18964,-830276,-332393,-29385,-33289
2021-04-01,18754062,-1305648,17448414,6257389,10874762,1621912,707461,962133,-19952,3558691,1103797,-54741,261,704314,926939,7820609,931400,1044419,170457,54464,249660,-17981,-747522,-369072,-44334,-27118
2021-05-01,17989954,-1436762,16553192,6435119,10096594,1458241,1142702,950979,-19549,3505146,883060,-27219,931,562748,899233,6834858,986923,1052606,152540,59681,410839,-17506,-820292,-448493,-31542,-23884
2021-06-01,17906994,-1898429,16008565,7145576,8974655,1786762,745233,1607896,-8697,3799250,1062739,-60845,2274,731146,1058694,6190561,842584,1126356,126827,58395,441441,-254927,-1155336,-589267,-36129,-71118
2021-07-01,21808785,-1401039,20407746,8656317,11473899,1908569,1465197,1611984,-22917,4060680,1564011,-22638,939,873298,1039148,8153833,886380,1181484,123528,65061,491764,-39362,-699165,-595709,-43691,-28593
2021-08-01,20167221,-1495485,18671736,7380244,10549650,2187327,869925,1346179,-11387,4063012,1167501,-54986,1081,831924,1358508,7154964,1265458,1030668,139507,63758,464647,-16928,-621303,-606072,-56522,-43661
2021-09-01,18241101,-681067,17560034,6547059,10067425,1576616,1027347,798836,-15659,3745335,1018643,-27443,656,549623,1029230,6871019,942979,983567,133735,62770,356183,-20627,-279860,-344188,-18747,-19408
2021-10-01,19940560,-1256648,18683912,7325933,10112580,2452047,1122545,1082345,-52009,4408873,791524,-27345,7660,1003571,1445654,7066125,710269,1256089,123197,60820,389973,-18764,-653936,-528522,-32314,-22319
2021-11-01,21818799,-1272805,20545994,9083292,10320450,2365057,1422488,1399915,-74426,4495082,1861316,-21083,1256,944218,1426958,7049162,1120975,1086933,128553,65896,497955,-20177,-594918,-559856,-66882,-30616
2021-12-01,22110270,-1324475,20785795,8396881,11168930,2514460,866496,1805138,-13209,4406096,1353565,-21205,7475,1079156,1438785,6792828,987055,1137870,119013,66318,1294242,-19636,-630222,-575293,-59895,-36925
2022-01-01,32891977,-1790973,31101004,15719390,14640945,2531641,55204,4315964,-20670,183629,11227330,-42067,2621,1040907,1493996,9152962,2034158,939041,172696,141139,1752287,-76074,-1178166,-500698,-56120,-36648
2022-02-01,22729436,-1712927,21016509,9719320,10812422,2197694,639810,1758680,-55762,4255972,3152065,-31445,1071,944163,1262461,7746720,698886,1063838,118808,54898,426579,-20147,-1182774,-441630,-42479,-24522
2022-03-01,22863994,-1597354,21266640,9360795,11318321,2579876,1420826,1394371,-45770,4474850,2161362,-44844,2925,1119751,1462700,8448553,914658,973014,141555,57316,464662,-180354,-1473300,-433149,-33643,-31018
2022-04-01,22293713,-1156054,21137659,8572113,11789821,1931780,767794,1457603,-33857,4943230,1465016,-27673,2729,979060,955942,8591254,1010670,931332,154116,63151,457053,-17888,-696078,-346159,-37385,-22405
2022-05-01,25014202,-1580338,23433864,9189055,13087296,2737852,1422234,1232233,-25554,5108043,1468767,-16668,1040,995056,1746796,9773838,990741,1155145,226738,66317,476314,-27631,-865917,-537404,-55242,-36433
2022-06-01,21364251,-1430977,19933274,9110137,9697210,2556905,902908,1605127,-15258,4882254,1754215,-19109,1519,1188675,1376817,6702764,806304,996097,165181,58941,550393,-16232,-663161,-654383,-55775,-35984
2022-07-01,23479149,-1466938,22012211,9779485,11465113,2234551,1727343,1446577,-39666,5161228,1514166,-30163,10729,909360,1319363,8126956,926382,1449910,131941,74823,525156,-29573,-656786,-701569,-40955,-22932
2022-08-01,22610659,-1562045,21048614,10168845,10171369,2270444,1067278,1917107,-19268,5724992,1517760,-39024,1600,1002808,1273515,7109946,947201,1237332,174509,71577,519057,-22432,-644484,-783730,-57997,-44798
2022-09-01,21151923,-1090352,20061571,8531587,10757127,1863208,1498077,1121852,-18038,4741287,1202519,-14110,1066,769430,1104356,7820609,863570,1060239,150754,66616,543144,-37193,-385716,-605067,-46300,-36472
2022-10-01,20564815,-877444,19687371,8529047,10430519,1605250,887754,786703,-20488,5210284,1684970,-20176,509,717451,896758,7259216,670748,1187900,139740,71313,781717,-18414,-388720,-427220,-29393,-17941
2022-11-01,21701186,-1501552,20199634,9030138,10549702,2121347,1558121,1339895,-139957,4972038,1325908,-25867,1815,995347,1129325,7959318,728768,993884,152072,80759,479323,-24822,-752829,-646080,-48245,-34952
2022-12-01,20260035,-1673284,18586751,7733816,10820922,1705296,870278,1774064,-15884,3519611,2012103,-426356,2549,847172,860747,7207675,1218828,1171038,133710,88232,864398,-26714,-751636,-767977,-84545,-45990
2023-01-01,31069565,-2325366,28744199,15291234,13928505,1849827,37114,4099226,-87250,285242,10984418,-27516,2959,823051,1028755,9137458,1433992,1019090,187704,182784,1800748,-54153,-1568762,-640753,-50622,-32563
2023-02-01,22220564,-1655672,20564892,9509002,10758119,1953443,744240,1529280,-24242,4743654,2561752,-45682,2194,719227,1239301,7988313,854555,1001296,155543,60061,402157,-21841,-943266,-542833,-56727,-54748
2023-03-01,22359828,-1858588,20501240,9252715,11476414,1630700,1501074,1347276,-106305,4857095,1736162,-82587,682,674872,962089,8394887,868841,1199747,178577,71584,427636,-34085,-1144726,-575007,-62848,-45815
2023-04-01,22090796,-1385470,20705326,7996928,13006551,1087317,854837,959338,-11865,5335919,874992,-16293,664,465117,626432,9665631,967825,1109172,268841,71022,380435,-25439,-935620,-347987,-50860,-33807
2023-05-01,22430088,-2176825,20253263,8786549,12176681,1466859,1534942,1313967,-70602,5030097,1117146,-139001,1116,637318,833125,8497580,880169,1140000,138517,70291,1025759,-21818,-1340228,-686079,-59976,-61791
2023-06-01,20221964,-1966967,18254997,8182299,10801605,1238060,929354,1093857,-19492,5051842,1161307,-34569,5597,583108,659568,7453648,1064405,1066900,130390,62554,526625,-16971,-902006,-871298,-59492,-54292
2023-07-01,23442165,-2122449,21319716,9074927,13069865,1297374,1546066,1187716,-45876,5152762,1248479,-14220,6261,555003,742964,9263295,1002487,1525123,148624,80344,478989,-24777,-1044882,-901469,-89049,-54677
2023-08-01,20779497,-2071899,18707598,8277986,11224946,1276564,958420,1292428,-12769,5087923,966133,-14149,631,505765,777130,8050383,846684,1162744,150963,78234,544661,-22636,-885314,-1011066,-77429,-41250
2023-09-01,21467214,-1543333,19923881,8095997,12372854,998363,1577072,821828,-13713,4822731,902483,-14404,416,378114,625730,8572176,1328066,1139419,221096,79036,401522,-16513,-689349,-743488,-49746,-33101
2023-10-01,18983509,-2342512,16640997,6722938,11119895,1140675,748739,901238,-21500,4530866,594090,-30495,656,506935,641813,7837759,785182,1177622,151663,69775,538901,-37710,-1290498,-925977,-65433,-32702
2023-11-01,18826956,-1887161,16939795,6775616,11130570,920769,1352479,791042,-140349,4196204,603796,-27556,1150,358116,568918,7897951,1122623,1062792,153690,78998,440997,-17203,-914958,-833481,-60970,-44445
2023-12-01,19511321,-1551667,17959654,7544386,11132907,834029,857229,1094821,-24520,3650848,1989492,-23484,1593,336232,501205,7587189,884031,1227930,152944,76509,793379,-34067,-744526,-681385,-48722,-48929
2024-01-01,30254100,-2110529,28143571,14420468,14455514,1378118,7614,3747161,-47830,408546,10364371,-59393,2545,640472,740239,9642482,1242252,1088422,136079,167069,1494267,-52175,-1233617,-742568,-45431,-42671
2024-02-01,21870690,-2290368,19580322,8971095,11583009,1316586,734956,1583223,-29784,4589345,2133577,-40222,866,458005,863156,8461815,888512,959107,159555,65545,432524,-24760,-1454577,-654055,-80625,-54224
2024-03-01,23880721,-2058984,21821737,9580517,12996958,1303246,1485217,1231139,-87776,4901184,2089590,-38836,1284,539385,766451,9548986,895312,1262507,150831,66362,509363,-36310,-1377604,-538149,-62654,-36029
2024-04-01,23785187,-1473149,22312038,8345888,14296179,1143120,837295,1129451,-23775,5273000,1185737,-55820,853,376593,768653,10651959,908567,1062677,275183,70137,527471,-8824,-964630,-415275,-29365,-41110
2024-05-01,24170708,-2414900,21755808,9462109,13225697,1482902,1738056,1702405,-37494,5015204,1122945,-79006,719,559330,928021,8787727,1681530,997340,190243,69526,678702,-46724,-1401586,-880798,-46033,-40858
2024-06-01,22203526,-2260803,19942723,8356895,12511419,1335212,1181723,1034028,-11472,5182406,1009733,-39523,1383,463559,881539,8429085,1296988,1178941,173183,65570,523270,-14475,-1317536,-820423,-40397,-40921
2024-07-01,26322906,-3468742,22854164,9924942,14791143,1606821,1596132,1341295,-48094,5404810,1682662,-51864,1867,576376,1035680,10262827,1028582,1275653,152551,73475,600130,-34027,-2150779,-1100206,-134732,-27679
2024-08-01,23514998,-2224597,21290401,8881980,13168840,1464178,1133072,982147,-142146,5950153,982061,-23306,1173,505891,965787,9129968,1045465,1353683,151484,68491,480431,-142675,-1008054,-1030473,-79462,-44205
2024-09-01,23238768,-2017410,21221358,9223729,12536391,1478648,1641895,956801,-19777,5696288,982619,-34096,945,535850,948202,8710488,1139673,1134255,162615,73949,403200,-65201,-930836,-956126,-59013,-33060
2024-10-01,22358171,-1472766,20885405,8651707,12431164,1275300,1026697,900708,-58802,5711302,1082246,-10445,861,465174,812934,8640453,941802,1151882,152580,76910,646700,-57400,-653961,-731068,-36035,-30540
2024-11-01,23599157,-1808876,21790281,9350523,12670193,1578441,1720385,809501,-30273,5745659,1152690,-47439,1725,511678,1069964,8782156,1226461,1102552,136258,75819,631954,-26476,-800437,-762172,-54116,-47704
2024-12-01,24478941,-2005037,22473904,8884258,14101417,1493266,1634862,1701034,-23656,3812494,1783485,-23961,11681,540901,944984,8501925,1439864,1262439,135117,74030,1732384,-40451,-1008726,-849787,-52383,-44149
2025-01-01,46169561,-2650218,43519343,18925525,25385959,1858078,14626,5571084,-102024,143947,13346338,-48446,975,695938,1166666,11933758,2679560,1112230,148074,164217,8251756,-232575,-1534989,-941950,-64714,-43691
2025-02-01,26272572,-2473465,23799107,11347667,12801393,2123512,749272,1784915,-27541,5534635,3430811,-124425,701,928319,1201344,9205642,1134195,1249833,144825,68987,274666,-388074,-1624679,-683914,-61898,-43301
2025-03-01,27543981,-3046495,24497486,10970388,14819584,1754009,1713334,1157861,-20715,6558905,1586250,-25247,514,702259,1060017,10475358,1470596,1409695,156387,69986,263867,-44417,-2167639,-693069,-73482,-43468
2025-04-01,27094900,-1949229,25145671,9188097,16263947,1642855,959446,797317,-15468,5856762,1604485,-14445,670,681703,966067,11839209,1555134,1091275,250292,73459,349817,-29500,-1126929,-626756,-60656,-53981
