month_year, Gross import VAT , Gross local VAT , VAT refund autonomy and traders , Total net VAT ,Net customs, Net import purchase tax , Total import taxes , Net local sales tax , Gross fuel tax 
Jan-96,"1,330.00","2,196.00","-1,106.00","2,420",92,611,703,53,314
Feb-96,"1,236.00","1,653.00",-890,"1,999",91,546,637,43,296
Mar-96,"1,284.00","2,037.00",-856,"2,465",107,619,726,66,326
Apr-96,"1,341.00","1,692.00",-702,"2,331",80,525,605,19,322
May-96,"1,264.00","1,917.00",-801,"2,380",92,623,715,84,360
Jun-96,"1,250.50","1,649.00",-785,"2,115",88,616.2,704.2,16,334
Jul-96,"1,298.60","2,315.50",-872,"2,742",86.3,516.9,603.2,101.9,373.2
Aug-96,"1,141.90","1,771.90",-861.7,"2,052",84.6,530.1,614.7,50.1,379.7
Sep-96,"1,148.80","2,308.70",-787.9,"2,670",83.6,538.4,622,74.2,375.5
Oct-96,"1,329.10","1,641.90",-787.5,"2,184",90.1,622.9,713,101.3,360.6
Nov-96,"1,123.80","2,166.50",-865.4,"2,425",77,534.3,611.3,25.3,330.9
Dec-96,"1,145.00","1,631.00",-686.2,"2,090",88,671.8,759.8,84.3,387.3
Jan-97,"1,228.20","2,519.40",-866.2,"2,881",99.2,512.3,611.5,58.7,382.2
Feb-97,"1,161.10","1,825.80",-800,"2,187",89.7,522.4,612.1,24.5,351.5
Mar-97,"1,563.90","2,248.90",-813.2,"3,000",118.3,660.3,778.6,84,414.8
Apr-97,"1,197.20","1,708.10",-622.2,"2,283",103.1,533.3,636.4,17.1,392.4
May-97,"1,285.50","2,314.10",-989.9,"2,610",99.9,614.8,714.7,68.5,380.9
Jun-97,"1,322.60","1,728.70",-802,"2,249",97.9,792.2,890.1,50.4,425.8
Jul-97,"1,312.80","2,416.60",-893.9,"2,836",88.2,471.4,559.6,88.9,470.4
Aug-97,"1,290.20","1,970.30",-832,"2,429",92.1,531.4,623.5,98.7,443.5
Sep-97,"1,272.80","2,535.00",-867,"2,941",101.3,547.6,648.9,40.9,429.8
Oct-97,"1,238.70","1,929.30",-829.9,"2,338",80,535.5,615.5,108.5,398.6
Nov-97,"1,327.40","2,337.50",-930,"2,735",91.2,610.9,702.1,17.3,408.4
Dec-97,"1,296.70","1,838.00",-789.4,"2,345",99.5,814.9,914.4,84.4,460.7
Jan-98,"1,213.80","2,700.90","-1,268.40","2,646",83.9,452.2,536.1,18.6,403.4
Feb-98,"1,264.30","1,934.10",-758,"2,440",89.9,483.5,573.4,53.8,380.1
Mar-98,"1,592.70","2,594.90",-948.1,"3,240",114.5,703.9,818.4,73.6,453.8
Apr-98,"1,485.70","1,844.80","-1,001.00","2,330",98.9,663.7,762.6,22.1,419
May-98,"1,327.50","2,530.50",-934.8,"2,923",86.6,511.1,597.7,102.8,403.7
Jun-98,"1,414.50","1,868.50",-901.3,"2,382",94.7,722.6,817.3,60.9,467.7
Jul-98,"1,394.10","2,672.20","-1,024.40","3,042",88.6,524.2,612.8,65.7,461.7
Aug-98,"1,381.20","2,057.80",-892.8,"2,546",109.2,666.7,775.9,70.5,491.9
Sep-98,"1,220.50","2,708.80",-522.3,"3,407",94.9,601.5,696.4,83.8,407.9
Oct-98,"1,504.00","2,105.90","-1,226.40","2,384",112.2,796.4,908.6,71.2,446.3
Nov-98,"1,567.40","2,518.70","-1,064.40","3,022",99.9,534.8,634.7,70.2,453.9
Dec-98,"1,582.50","2,298.90","-1,108.00","2,773",97.9,654.7,752.6,60,448.6
Jan-99,"1,348.30","3,123.60","-1,216.20","3,256",89.8,494,583.8,58,463.9
Feb-99,"1,440.10","2,234.30",-780.9,"2,894",119.4,669.2,788.6,55.3,421.2
Mar-99,"1,720.80","2,684.40","-1,221.10","3,184",125.3,807.3,932.6,48.3,485.9
Apr-99,"1,476.70","2,270.00","-1,170.90","2,576",105.4,599.5,704.9,69.1,437.4
May-99,"1,490.00","2,562.70","-1,062.70","2,990",99.7,589.7,689.4,61.1,469.8
Jun-99,"1,614.10","2,180.30","-1,134.00","2,660",100.2,702.2,802.4,70.6,494.9
Jul-99,"1,568.50","2,956.00","-1,177.30","3,347",104,683.9,787.9,80.1,474
Aug-99,"1,919.90","2,366.50","-1,088.20","3,198",134.2,913.7,"1,047.90",77.9,542.4
Sep-99,"1,526.10","3,018.70","-1,217.40","3,327",124.7,697.2,821.9,90.9,439
Oct-99,"1,650.20","2,200.90","-1,113.20","2,738",110.5,703.8,814.3,68.2,502.2
Nov-99,"1,911.00","3,066.00","-1,383.20","3,594",111.1,848.7,959.8,63.8,481.5
Dec-99,"1,838.50","2,346.30","-1,358.40","2,826",120.8,776.4,897.2,61.6,449.3
Jan-00,"1,585.90","3,359.30","-1,353.10","3,592",79.8,651.1,730.9,71.1,486.1
Feb-00,"1,802.20","2,528.50","-1,453.00","2,878",109.9,839,948.9,50,450.3
Mar-00,"1,954.20","3,056.90","-1,296.50","3,715",137.7,891,"1,028.70",49,418.9
Apr-00,"1,719.60","2,325.70","-1,024.30","3,021",111.3,761.4,872.7,60.3,443.3
May-00,"1,931.70","3,049.20","-1,568.80","3,412",136.9,771.3,908.2,61.5,509.6
Jun-00,"1,780.50","2,349.60","-1,501.90","2,628",117,838.6,955.6,71.4,470.1
Jul-00,"2,045.20","3,180.50","-1,354.60","3,871",120.9,835.3,956.2,83.1,534.6
Aug-00,"2,028.80","2,547.50","-1,468.50","3,108",132.1,893.6,"1,025.70",90.4,523.1
Sep-00,"1,764.90","3,306.50","-1,463.60","3,608",119.4,663.3,782.7,62.3,482.1
Oct-00,"1,976.80","2,460.70",-633.4,"3,804",119.5,710.6,830.1,15.6,445.4
Nov-00,"1,999.10","3,013.00","-2,371.90","2,640",116.3,772.1,888.4,19.4,422.1
Dec-00,"1,727.90","2,342.70","-1,456.80","2,614",119.6,779.7,899.3,28.6,480.1
1-Jan,"1,824.00","3,509.00",-865,"4,468",104,820,924,21,441
1-Feb,"1,764.00","2,657.00","-1,963.00","2,458",130,721,851,25,471
1-Mar,"1,878.00","2,933.00","-1,456.00","3,355",137,861,998,22,447
1-Apr,"1,773.00","2,478.00","-1,227.00","3,024",121,585,706,37,404
1-May,"1,742.00","3,130.00","-1,494.00","3,378",116,717,833,30,468
1-Jun,"1,492.00","2,435.00","-1,143.00","2,784",91,690,781,35,460
1-Jul,"1,833.00","3,254.00","-1,365.00","3,722",121,851,972,37,583
1-Aug,"1,765.00","2,522.00","-1,171.00","3,116",123,802,925,35,479
1-Sep,"1,500.00","3,339.00",-738,"4,101",105,619,724,52,470
1-Oct,"1,559.00","2,484.00","-1,497.00","2,546",103,658,761,33,478
1-Nov,"1,582.00","3,029.00","-1,233.00","3,378",106,669,775,27,479
1-Dec,"1,680.00","2,578.00","-1,147.00","3,111",100,827,927,30,521
2-Jan,"1,927.00","3,464.00","-1,305.00","4,086",117,970,"1,087.00",30,488
2-Feb,"1,681.00","2,620.00","-1,080.00","3,221",120,631,751,27,448
2-Mar,"1,669.00","3,223.00","-1,177.00","3,715",126,635,761,24,491
2-Apr,"1,753.00","2,628.00","-1,061.00","3,320",112,826,938,33,439
2-May,"1,898.00","3,002.00","-1,257.00","3,643",116,674,790,32,566
2-Jun,"1,918.00","2,661.00","-1,364.00","3,215",104,811,915,31,584
2-Jul,"2,023.00","3,609.00","-1,324.00","4,308",121,679,800,52,616
2-Aug,"1,840.00","2,781.00","-1,309.00","3,312",132,715,847,41,676
2-Sep,"1,809.00","3,523.00",-613,"4,719",125,650,775,39,617
2-Oct,"2,016.00","2,496.00",-848,"3,664",119,749,868,34,622
2-Nov,"1,642.00","3,344.00","-2,163.00","2,823",95,664,759,34,579
2-Dec,"1,998.00","2,639.00",-923,"3,714",115,865,980,27,613
3-Jan,"1,863.00","3,804.00","-1,902.00","3,765",99,615,714,32,625
3-Feb,"1,755.00","2,789.00","-1,296.00","3,248",110,611,721,19,556
3-Mar,"2,211.00","3,307.00","-1,276.00","4,242",116,718,834,18,609
3-Apr,"1,805.00","2,482.00","-1,335.00","2,952",114,606,720,26,528
3-May,"1,735.00","3,264.00","-1,240.00","3,759",106,671,777,30,622
3-Jun,"1,927.00","2,610.00","-1,300.00","3,237",104,742,846,32,634
3-Jul,"1,948.00","3,398.00","-1,304.00","4,042",114,815,929,38,649
3-Aug,"1,763.00","2,853.00","-1,233.00","3,383",121,740,861,39,638
3-Sep,"1,914.00","3,582.00","-1,241.00","4,255",144,806,950,34,618
3-Oct,"1,844.00","2,820.00",-854,"3,810",123,812,935,35,596
3-Nov,"1,940.00","3,219.00",-887,"4,272",111,738,849,33,589
3-Dec,"2,152.00","2,576.00","-1,707.00","3,021",136,918,"1,054.00",35,622
4-Jan,"2,053.00","3,736.00","-1,681.00","4,108",97,863,960,33,629
4-Feb,"2,105.00","2,857.00","-1,355.00","3,607",134,744,878,33,615
4-Mar,"2,261.00","3,355.00","-1,557.00","4,059",149,834,983,54,711
4-Apr,"1,893.00","2,847.00","-1,357.00","3,383",99,429,528,28,628
4-May,"2,496.00","3,163.00","-1,338.00","4,321",162,"1,187.00","1,349.00",28,645
4-Jun,"2,120.00","2,343.00","-1,715.00","2,748",131,918,"1,049.00",31,636
4-Jul,"1,751.00","3,462.00","-1,527.00","3,686",89,771,860,35,720
4-Aug,"2,580.00","3,006.00","-1,352.00","4,234",171,"1,108.00","1,279.00",37,679
4-Sep,"1,958.00","3,545.00","-1,589.00","3,914",147,603,750,25,658
4-Oct,"2,444.00","2,688.00","-1,476.00","3,656",158,885,"1,043.00",22,665
4-Nov,"2,165.00","3,164.00","-1,655.00","3,674",137,876,"1,013.00",27,637
4-Dec,"2,327.00","2,624.00","-1,725.00","3,226",124,"1,054.00","1,178.00",19,696
5-Jan,"2,221.50","3,724.50","-1,526.00","4,420",125.5,800,925.5,23,742
5-Feb,"2,056.50","2,760.50","-1,555.00","3,262",134,710,844,30,730.5
5-Mar,"2,433.00","3,410.00","-1,604.00","4,239",148,784,932,28,753
5-Apr,"2,002.00","2,764.00","-1,598.00","3,168",127,633,760,32,743
5-May,"2,807.00","3,597.00","-1,549.00","4,855",184,"1,302.00","1,486.00",32,737
5-Jun,"2,280.00","2,611.00","-1,879.00","3,012",136,995,"1,131.00",32,790
5-Jul,"2,446.00","3,670.00","-1,740.00","4,376",133,996,"1,129.00",32,875
5-Aug,"2,726.00","2,975.00","-1,851.00","3,850",178,"1,132.00","1,310.00",49,818
5-Sep,"2,516.00","3,702.00","-1,825.00","4,393",168,805,973,22,890
5-Oct,"2,220.00","3,080.00","-1,458.00","3,842",120,667,787,30,878
5-Nov,"2,352.00","3,227.00","-1,827.00","3,752",161,915,"1,076.00",26,841
5-Dec,"2,339.00","2,759.00","-1,819.00","3,279",150,"1,056.00","1,206.00",100,862
6-Jan,"2,740.00","4,071.00","-1,897.00","4,914",157,"1,146.00","1,303.00",24,847
6-Feb,"2,378.00","3,178.00","-1,890.00","3,666",160,777,937,28,862
6-Mar,"2,552.00","3,685.00","-2,085.00","4,152",155,716,871,23,913
6-Apr,"2,420.00","3,129.00","-1,257.00","4,292",158,741,899,44,874
6-May,"2,812.00","3,843.00","-2,388.00","4,267",201,"1,160.00","1,361.00",31,867
6-Jun,"2,521.00","2,908.00","-2,042.00","3,387",135,889,"1,024.00",27,966
6-Jul,"2,364.00","4,026.00","-1,891.00","4,499",153,"1,082.00","1,235.00",44,980
6-Aug,"2,748.00","2,817.00","-1,959.00","3,606",196,957,"1,153.00",27,954
6-Sep,"2,131.00","3,931.00","-1,989.00","4,073",140,822,962,33,961
6-Oct,"2,540.00","3,117.00","-1,661.00","3,996",182,943,"1,125.00",28,"1,043.00"
6-Nov,"2,249","3,636","-1,912","3,973",136,924,"1,060.00",30,"1,080"
6-Dec,"2,405","3,028","-1,809","3,624",124,757,881,27,"1,085"
7-Jan,"2,517","4,184","-1,804","4,897",161,"1,247","1,408.00",28,"1,032"
7-Feb,"2,356","3,160","-1,647","3,869",180,"1,119","1,299.00",29,835
7-Mar,"2,446","3,939","-1,976","4,409",181,858,"1,039.00",25,994
7-Apr,"2,303","3,426","-1,665","4,064",132,582,714,40,969
7-May,"2,692","3,798","-1,949","4,541",193,"1,455","1,648.00",40,978
7-Jun,"2,665","3,091","-2,197","3,559",187,"1,367","1,554.00",29,925
7-Jul,"3,028","4,298","-2,150","5,176",207,"1,379","1,586.00",9,"1,147"
7-Aug,"3,057","3,357","-2,114","4,300",240,"1,252","1,492.00",16,"1,217"
7-Sep,"2,381","4,116","-1,775","4,722",187,851,"1,038.00",7,"1,126"
7-Oct,"2,940","3,374","-2,144","4,170",219,"1,134","1,353.00",24,"1,064"
7-Nov,"2,730","3,940","-2,207","4,463",166,982,"1,148.00",21,"1,136"
7-Dec,"2,955","3,313","-2,068","4,200",169,"1,074","1,243.00",19,"1,206"
8-Jan,"3,089","4,850","-2,523","5,416",234,"1,453","1,687.00",17,"1,172"
8-Feb,"2,628","3,442","-2,147","3,923",210,"1,177","1,387.00",23,"1,155"
8-Mar,"3,121","4,168","-1,780","5,509",219,"1,221","1,440.00",19,"1,220"
8-Apr,"2,813","3,370","-2,306","3,877",192,"1,098","1,290.00",16,"1,137"
8-May,"2,835","4,521","-2,071","5,285",181,"1,147","1,328.00",20,"1,120"
8-Jun,"2,800","3,298","-2,088","4,010",169,"1,261","1,430.00",21,"1,292"
8-Jul,"3,044","4,393","-2,141","5,296",223,"1,267","1,490.00",14,"1,277"
8-Aug,"2,689","3,661","-1,698","4,652",198,"1,086","1,284.00",31,"1,329"
8-Sep,"2,663","4,395","-2,105","4,953",206,797,"1,003.00",22,"1,261"
8-Oct,"2,702","3,585","-1,731","4,556",193,719,912,17,"1,113"
8-Nov,"2,722","4,133","-2,371","4,484",201,866,"1,067.00",18,"1,231"
8-Dec,"2,314","3,225","-2,204","3,335",155,624,779,17,"1,185"
9-Jan,"2,232","4,664","-2,057","4,839",186,890,"1,076.00",17,"1,149"
9-Feb,"2,137","3,277","-1,678","3,736",202,992,"1,194.00",16,"1,083"
9-Mar,"2,447","4,281","-1,536","5,192",215,"1,109","1,324.00",18,"1,259"
9-Apr,"2,084","3,626","-1,599","4,111",170,724,894,17,"1,191"
9-May,"2,185","4,195","-1,608","4,772",179,956,"1,135.00",18,"1,245"
9-Jun,"2,354","3,146","-1,668","3,832",190,"1,323","1,513.00",22,"1,287"
9-Jul,"2,844","5,494","-1,628","6,710",223,"1,966","2,189.00",22,"1,454"
9-Aug,"2,999","3,538","-1,696","4,841",218,957,"1,175.00",20,"1,477"
9-Sep,"2,297","4,969","-1,795","5,471",198,688,886,24,"1,380"
9-Oct,"2,410","3,635","-1,803","4,242",203,943,"1,146.00",23,"1,398"
9-Nov,"2,693","4,983","-1,826","5,850",196,911,"1,107.00",16,"1,537"
9-Dec,"2,658","3,676","-1,977","4,357",229,"1,043","1,272.00",16,"1,532"
10-Jan,"2,714","5,774","-2,007","6,481",229,995,"1,224.00",21,"1,544"
10-Feb,"2,424","3,967","-1,850","4,541",233,"1,082","1,315.00",15,"1,241"
10-Mar,"2,938","4,831","-1,982","5,787",244,"1,070","1,314.00",35,"1,620"
10-Apr,"2,611","4,065","-2,122","4,554",190,954,"1,144.00",20,"1,362"
10-May,"2,801","4,850","-1,927","5,724",235,"1,291","1,526.00",20,"1,545"
10-Jun,"2,840","3,520","-2,098","4,262",222,"1,194","1,416.00",23,"1,490"
10-Jul,"2,927","5,573","-2,117","6,383",247,"1,291","1,538.00",27,"1,579"
10-Aug,"3,025","3,851","-2,227","4,649",292,"1,300","1,592.00",25,"1,642"
10-Sep,"2,435","5,551","-1,463","6,523",197,925,"1,122.00",27,"1,575"
10-Oct,"3,127","3,738","-2,459","4,406",253,"1,497","1,750.00",29,"1,696"
10-Nov,"2,699","5,190","-2,071","5,818",206,"1,196","1,402.00",24,"1,545"
10-Dec,"3,080","3,924","-2,006","4,998",148,"1,352","1,500.00",25,"1,600"
11-Jan,"3,109","6,051","-2,144","7,016",239,"1,472","1,711.00",32,"1,675"
11-Feb,"2,989","4,058","-2,142","4,905",225,"1,080","1,305.00",23,"1,482"
11-Mar,"3,681","5,460","-2,589","6,552",291,"1,342","1,633.00",23,"1,603"
11-Apr,"3,079","3,984","-1,648","5,415",200,"1,116","1,316.00",18,"1,497"
11-May,"3,462","5,649","-3,314","5,797",258,"1,289","1,547.00",21,"1,613"
11-Jun,"3,144","3,648","-2,347","4,445",225,"1,372","1,597.00",30,"1,644"
11-Jul,"3,351","5,877","-2,551","6,677",238,"1,311","1,549.00",33,"1,795"
11-Aug,"3,699","3,744","-2,540","4,903",314,"1,332","1,646.00",20,"1,644"
11-Sep,"3,258","5,585","-2,209","6,634",262,976,"1,238.00",27,"1,458"
11-Oct,"3,322","3,648","-2,159","4,811",240,"1,162","1,402.00",26,"1,640"
11-Nov,"3,541","5,302","-2,520","6,323",236,"1,371","1,607.00",27,"1,608"
11-Dec,"3,173","3,771","-1,668","5,276",192,"1,258","1,450.00",27,"1,555"
12-Jan,"3,971","6,527","-3,132","7,366",284,"1,231","1,515.00",17,"1,755.00"
12-Feb,"3,622","3,868","-2,749","4,741",207,"1,443","1,650.00",13,"1,607.00"
12-Mar,"3,811","5,252","-2,928","6,135",217,"1,226","1,443.00",28,"1,581.00"
12-Apr,"3,678","3,784","-2,165","5,297",204,"1,139","1,343.00",19,"1,627.00"
12-May,"3,731","5,435","-3,263","5,903",227,"1,277","1,504.00",30,"1,699.00"
12-Jun,"3,505","4,139","-2,976","4,668",226,"1,418","1,644.00",29,"1,513.00"
12-Jul,"3,933","5,731","-2,557","7,107",257,"1,595","1,852.00",30,"1,891.00"
12-Aug,"4,139","4,403","-2,715","5,827",225,"1,308","1,533.00",27,"1,801.00"
12-Sep,"3,020","6,475","-2,188","7,307",173,960,"1,132.50",27,"1,731.50"
12-Oct,"4,350","4,237","-2,946","5,641",222,"1,309","1,530.50",24,"1,578.50"
12-Nov,"3,150","5,510","-3,122","5,538",161,"1,156","1,317.00",39,"1,752.50"
12-Dec,"4,041","4,397","-2,931","5,507",152,"1,023","1,174.50",21,"1,551.50"
13-Jan,"3,595","7,157","-3,134","7,618",178,"1,503","1,681.00",27,"1,670"
13-Feb,"3,577","4,701","-2,640","5,638",190,"1,144","1,334.00",40,"1,527"
13-Mar,"3,369","6,266","-2,476","7,159",189,"1,284","1,473.00",26,"1,775"
13-Apr,"3,742","4,536","-2,833","5,445",165,"1,491","1,656.00",33,"1,514"
13-May,"3,566","6,249","-2,971","6,844",203,"1,351","1,554.00",65,"1,811"
13-Jun,"3,498","5,364","-2,613","6,249",200,"1,287","1,487.00",60,"1,783"
13-Jul,"4,329","6,984","-2,704","8,609",216,"1,437","1,653.00",71,"1,797"
13-Aug,"3,741","4,972","-3,126","5,587",225,"1,303","1,528.00",35,"1,790"
13-Sep,"3,290","6,760","-1,544","8,506",176,"1,208","1,384.00",16,"1,767"
13-Oct,"3,984","5,064","-3,993","5,055",231,"1,167","1,398.00",15,"1,769"
13-Nov,"3,433","6,981","-2,711","7,703",152,"1,068","1,220.00",35,"1,734"
13-Dec,"3,661","4,902","-3,320","5,243",181,"1,133","1,314.00",34,"1,797"
14-Jan,"3,965","8,163","-2,923","9,205",240,"1,415","1,655.00",35,"1,904"
14-Feb,"3,604","5,249","-2,880","5,973",254,"1,274","1,528.00",29,"1,667"
14-Mar,"3,683","6,840","-2,640","7,883",218,"1,329","1,547.00",27,"1,841"
14-Apr,"3,549","4,896","-2,304","6,141",198,"1,314","1,512.00",31,"1,737"
14-May,"3,800","7,364","-3,136","8,028",246,"1,455","1,701.00",35,"1,798"
14-Jun,"3,567","4,828","-2,474","5,921",231,"1,301","1,532.00",35,"1,905"
14-Jul,"4,013","6,863","-3,195","7,681",240,"1,395","1,635.00",26,"1,835"
14-Aug,"3,781","5,362","-2,985","6,158",234,"1,520","1,754.00",36,"1,840"
14-Sep,"3,538","7,090","-2,454","8,174",233,"1,314","1,547.00",24,"1,865"
14-Oct,"3,738","5,470","-2,748","6,460",237,"1,418","1,655.00",44,"1,783"
14-Nov,"3,421","6,857","-2,697","7,581",184,"1,196","1,380.00",36,"1,868"
14-Dec,"4,485","5,114","-3,099","6,500",255,"2,551","2,806.00",36,
15-Jan,"3,411","8,809","-3,122","9,098",236,"1,082","1,318.00",40,"1,818"
15-Feb,"3,272","5,536","-2,775","6,033",231,"1,115","1,346.00",40,"1,754"
15-Mar,"4,097","7,253","-2,844","8,506",302,"1,576","1,878.00",31,"1,915"
15-Apr,"3,390","5,606","-2,607","6,389",176,"1,214","1,390.00",47,"1,902"
15-May,"3,645","7,407","-2,839","8,213",234,"1,536","1,770.00",35,"2,028"
15-Jun,"3,771","5,445","-3,090","6,126",267,"1,484","1,751.00",41,"1,880"
15-Jul,"3,812","8,216","-3,411","8,617",247,"1,577","1,824.00",45,"2,037"
15-Aug,"3,766","5,991","-2,334","7,423",325,"1,612","1,937.00",41,"2,087"
15-Sep,"2,909","7,951","-2,451","8,409",201,"1,037","1,238.00",56,"1,936"
15-Oct,"3,551","5,972","-2,925","6,598",279,"1,413","1,692.00",32,"1,815"
15-Nov,"3,306","7,415","-3,262","7,459",202,"1,248","1,450.00",25,"2,018"
15-Dec,"3,742","5,189","-3,054","5,877",179,"1,597","1,776.00",17,"1,797"
16-Jan,"3,278","8,856","-2,790","9,344",275,"1,915","2,190.00",23,"2,008"
16-Feb,"3,448","5,661","-3,027","6,082",294,"1,334","1,628.00",24,"1,851"
16-Mar,"3,751","7,630","-3,176","8,205",262,"1,781","2,043.00",29,"1,941"
16-Apr,"3,152","5,614","-3,079","5,687",202,"1,444","1,646.00",10,"1,851"
16-May,"4,041","7,822","-2,688","9,175",316,"1,952","2,268.00",45,"2,075"
16-Jun,"3,687","5,355","-2,803","6,239",271,"1,564","1,835.00",32,"2,113"
16-Jul,"3,659","8,255","-3,242","8,672",278,"1,621","1,899.00",25,"2,139"
16-Aug,"4,019","5,647","-2,971","6,695",316,"1,632","1,948.00",31,"2,080"
16-Sep,"3,694","8,306","-2,947","9,053",310,"1,673","1,983.00",29,"2,102"
16-Oct,"3,043","5,748","-1,905","6,886",203,"1,033","1,236.00",16,"1,915"
16-Nov,"3,497","7,241","-2,245","8,493",258,"1,423","1,681.00",29,"1,962"
16-Dec,"4,320","5,501","-4,414","5,407",312,"3,182","3,494.00",21,"1,998"
17-Jan,"3,602","9,072","-3,394","9,280",267,"1,109","1,376.00",21,"2,068"
17-Feb,"3,302","6,256","-2,802","6,756",260,"1,020","1,280.00",21,"1,863"
17-Mar,"3,720","7,712","-3,411","8,021",248,"1,630","1,878.00",30,"2,110"
17-Apr,"3,250","6,056","-1,841","7,465",217,"1,324","1,541.00",27,"2,016"
17-May,"3,660","7,982","-3,348","8,294",289,"1,544","1,833.00",27,"2,026"
17-Jun,"3,432","5,675","-3,464","5,643",247,"1,282","1,529.00",27,"2,158"
17-Jul,"3,700","8,747","-2,945","9,502",280,"1,733","2,013.00",36,"2,275"
17-Aug,"3,906","5,959","-2,840","7,025",302,"1,415","1,717.00",27,"2,197"
17-Sep,"3,337","8,516","-2,342","9,511",222,"1,169","1,391.00",10,"1,967"
17-Oct,"3,672","5,994","-3,197","6,469",226,"1,245","1,471.00",28,"2,242"
17-Nov,"3,425","8,228","-3,666","7,987",225,"1,255","1,480.00",18,"2,160"
17-Dec,"3,863","6,266","-3,173","6,956",234,"1,424","1,658.00",18,"2,104"
18-Jan,"3,951","9,340","-3,155","10,136",263,"1,743","2,006.00",22,"1,936"
18-Feb,"3,911","6,348","-2,946","7,313",235,"1,751","1,986.00",24,"1,796"
18-Mar,"4,092","7,933","-4,172","7,853",245,"1,678","1,923.00",28,"2,037"
18-Apr,"3,795","6,357","-2,499","7,653",195,"1,317","1,512.00",31,"2,047"
18-May,"4,080","7,942","-3,119","8,903",257,"1,420","1,677.00",23,"2,076"
18-Jun,"3,866","6,152","-3,119","6,899",235,"1,398","1,633.00",37,"2,040"
18-Jul,"4,415","8,521","-3,515","9,421",262,"1,592","1,854.00",28,"2,233"
18-Aug,"4,186","6,244","-3,256","7,174",270,"1,538","1,808.00",27,"2,317"
18-Sep,"3,029","4,013","-1,724","5,318",146,"1,032","1,178.00",7,"1,926"
18-Oct,"4,310","10,508","-3,646","11,172",235,"1,400","1,635.00",46,"2,068"
18-Nov,"3,893","8,196","-3,584","8,505",198,"1,267","1,465.00",27,"2,012"
18-Dec,"3,982","6,400","-2,853","7,529",252,"1,345","1,597.00",28,"2,041"
19-Jan,"4,219","9,642","-3,493","10,368",277,"1,394","1,671.00",21,"1,966"
19-Feb,"4,047","6,652","-3,611","7,088",277,"1,351","1,628.00",22,"1,876"
19-Mar,"4,663","8,361","-3,507","9,517",305,"2,813","3,118.00",25,"2,158"
19-Apr,"3,934","4,999","-2,974","5,959",231,"1,011","1,242.00",25,"1,998"
19-May,"3,875","10,392","-4,175","10,092",236,"1,100","1,336.00",21,"2,189"
19-Jun,"3,714","6,379","-3,243","6,850",223,"1,140","1,363.00",27,"2,134"
19-Jul,"4,545","9,251","-3,206","10,590",249,"1,359","1,608.00",25,"2,300"
19-Aug,"3,969","6,797","-3,947","6,819",232,"1,274","1,506.00",27,"2,229"
19-Sep,"3,456","9,276","-2,946","9,786",209,"1,397","1,606.00",21,"2,267"
19-Oct,"3,767","5,418","-2,605","6,580",236,"1,227","1,463.00",33,"1,937"
19-Nov,"3,477","9,882","-3,362","9,997",209,"1,178","1,387.00",20,"2,038"
19-Dec,"4,473","6,497","-3,798","7,172",340,"2,547","2,887.00",20,"2,140"
20-Jan,"3,961","11,048","-3,881","11,128",252,"1,360","1,612.00",25,"2,080"
20-Feb,"3,302","7,293","-3,514","7,081",230,"1,317","1,547.00",14,"1,865"
20-Mar,"3,863","6,740","-4,000","6,603",212,"2,022","2,234.00",25,"1,970"
20-Apr,"3,036","6,161","-2,113","7,084",173,624,797,21,"1,044"
20-May,"3,086","7,989","-3,493","7,582",205,987,"1,192.00",26,"1,679"
20-Jun,"3,589","6,765","-3,578","6,776",227,"1,509","1,736.00",25,"1,900"
20-Jul,"3,698","8,659","-3,261","9,096",252,"1,409","1,661.00",26,"2,141"
20-Aug,"3,574","7,978","-3,033","8,519",225,"1,425","1,650.00",25,"2,136"
20-Sep,"3,454","8,939","-2,720","9,673",236,"1,870","2,106.00",29,"2,022"
20-Oct,"3,545","7,365","-3,279","7,631",237,"1,170","1,407.00",22,"1,566"
20-Nov,"3,636","8,237","-3,122","8,751",256,"1,371","1,627.00",29,"2,022"
20-Dec,"4,751","7,418","-3,285","8,884",378,"3,114","3,492.00",36,"1,922"
21-Jan,"3,910","10,137","-3,338","10,709",271,"1,504","1,775.00",23,"1,715"
21-Feb,"3,943","7,386","-3,525","7,804",274,"1,359","1,633.00",22,"1,596"
21-Mar,"4,595","8,273","-4,165","8,703",310,"1,797","2,107.00",24,"1,880"
21-Apr,"4,362","8,606","-3,089","9,879",295,"1,608","1,903.00",30,"1,950"
21-May,"4,206","9,394","-3,265","10,335",286,"1,817","2,103.00",20,"1,978"
21-Jun,"4,533","7,518","-4,089","7,962",329,"2,100","2,429.00",33,"2,107"
21-Jul,"4,542","10,782","-3,612","11,712",318,"1,684","2,002.00",25,"2,172"
21-Aug,"4,892","9,063","-4,181","9,774",345,"1,895","2,240.00",30,"2,300"
21-Sep,"3,717","3,482","-2,527","4,672",240,"1,265","1,505.00",29,"2,032"
21-Oct,"4,837","14,973","-4,851","14,959",324,"1,465","1,789.00",29,"2,179"
21-Nov,"4,798","11,729","-4,115","12,412",321,"1,837","2,158.00",21,"2,030"
21-Dec,"4,568","9,598","-5,615","8,551",371,"1,647","2,018.00",26,"2,135"
22-Jan,"5,105","12,178","-3,406","13,877",362,"1,892","2,254.00",32,"2,005"
22-Feb,"4,931","9,201","-4,843","9,289",350,"1,657","2,007.00",73,"1,932"
22-Mar,"5,704","10,958","-5,117","11,545",354,"1,854","2,208.00",80,"2,329"
22-Apr,"5,121","9,709","-4,607","10,223",316,"1,843","2,159.00",93,"2,167"
22-May,"6,214","11,115","-5,721","11,608",288,"1,708","1,996.00",103,"2,031"
22-Jun,"5,378","8,881","-5,567","8,692",173,"1,926","2,099.00",117,"2,126"
22-Jul,"5,785","11,703","-4,999","12,489",182,"1,844","2,026.00",104,"2,231"
22-Aug,"5,621","9,320","-5,645","9,296",161,"1,737","1,898.00",111,"1,989"
22-Sep,"4,779","11,326","-4,607","11,498",121,"1,545","1,666.00",141,"2,082"
22-Oct,"5,179","8,791","-4,268","9,702",177,"1,602","1,779.00",133,"1,874"
22-Nov,"5,285","10,166","-5,041","10,410",206,"1,867","2,073.00",95,"1,960"
22-Dec,"5,765","8,930","-4,771","9,924",309,"3,154","3,463.00",84,
23-Jan,"5,285","12,439","-4,876","12,848",113,"1,686","1,799.00",95,"2,376"
23-Feb,"5,089","9,550","-5,559","9,080",168,"2,235","2,403.00",96,"2,064"
23-Mar,"5,496","10,131","-5,836","9,791",198,"2,272","2,470.00",79,"2,413"
23-Apr,"4,613","9,754","-3,610","10,757",126,"1,616","1,742.00",111,"2,079"
23-May,"5,650","10,107","-5,822","9,935",180,"2,302","2,482.00",23,"2,273"
23-Jun,"4,944","8,968","-5,492","8,420",110,"1,846","1,956.00",36,"2,491"
23-Jul,"5,355","10,957","-4,487","11,825",135,"2,097","2,232.00",21,"2,495"
23-Aug,"5,476","9,299","-5,376","9,399",105,"1,832","1,937.00",37,"2,423"
23-Sep,"4,544","11,084","-5,128","10,500",98,"1,344","1,442.00",32,"2,238"
23-Oct,"5,124","7,620","-3,949","8,795",127,"1,785","1,912.00",26,"1,915"
23-Nov,"4,526","9,658","-4,297","9,887",84,"1,170","1,254.00",28,"1,929"
23-Dec,"5,109","8,889","-5,158","8,840",301,"3,001","3,302.00",34,"2,110"
24-Jan,"4,513","12,388","-3,959","12,942",112,"1,634","1,746.00",29,"2,340"
24-Feb,"5,058","10,146","-4,538","10,666",105,"1,651","1,756.00",25,"2,262"
24-Mar,"5,069","11,064","-4,860","11,273",132,"1,697","1,829.00",26,"2,484"
24-Apr,"4,580","4,371","-4,021","4,930",92,"1,720","1,812.00",23,"2,256"
24-May,"5,180","16,587","-4,778","16,989",136,"2,127","2,263.00",24,"2,400"
24-Jun,"4,570","10,964","-5,227","10,307",118,"1,929","2,047.00",35,"2,496"
24-Jul,"5,756","11,739","-5,068","12,427",116,"2,212","2,328.00",28,"2,652"
24-Aug,"5,049","9,879","-4,770","10,158",125,"2,153","2,278.00",31,"2,580"
24-Sep,"5,382","12,032","-4,029","13,385",118,"1,997","2,115.00",25,"2,724"
24-Oct,"5,291","10,113","-3,738","11,666",122,"1,792","1,914.00",33,"2,423"
24-Nov,"5,145","11,439","-5,525","11,059",133,"1,988","2,121.00",29,"2,261"
24-Dec,"7,596",10103,"-4,941","12,758",452,5423,"5,875",38,2636
25-Jan,"5,292",16738,"-5,092","16,938",89,1300,"1,389",36,2542
25-Feb,"4,902",11354,"-5,354","10,902",97,1611,"1,708",18,2242
25-Mar,"5,913","11,896","-5,286","12,523",127,"2,294","2,421",56,"2,535"
25-Apr,"5,412","10,730","-5,068","11,074",128,"2,141","2,269",23,"2,400"
